factor,target,group,mean,median,std,count,win_rate,monotonic,spread
max_ret_before_flip,ret_5,Q1,-0.05104728726820789,-0.0455223880597015,0.05648498314364356,21255,0.10971536109150788,True,0.14672851995639574
max_ret_before_flip,ret_5,Q2,-0.027278143599008414,-0.0205378973105133,0.04859640299936717,21255,0.249070806868972,True,0.14672851995639574
max_ret_before_flip,ret_5,Q3,-0.009614613657472074,-0.00144300219417535,0.04785893324792119,21254,0.4751105674226028,True,0.14672851995639574
max_ret_before_flip,ret_5,Q4,0.015862119635654193,0.0178841309823676,0.05436220745984615,21255,0.6636556104446013,True,0.14672851995639574
max_ret_before_flip,ret_5,Q5,0.09568123268818784,0.0659509202453989,0.12523059521592667,21255,0.8228652081863091,True,0.14672851995639574
max_ret_before_flip,ret_10,Q1,-0.05015722579955184,-0.0475409836065573,0.08169416122813741,21215,0.19736035823709638,True,0.17390438411993595
max_ret_before_flip,ret_10,Q2,-0.03177709131671598,-0.02785162723458265,0.07090938432687102,21214,0.2737343263882342,True,0.17390438411993595
max_ret_before_flip,ret_10,Q3,-0.016378552615589025,-0.00566572237960335,0.06997890580317725,21214,0.4487602526633355,True,0.17390438411993595
max_ret_before_flip,ret_10,Q4,0.017312456185061435,0.02406604492284255,0.07619750490142141,21214,0.6668237956066748,True,0.17390438411993595
max_ret_before_flip,ret_10,Q5,0.1237471583203841,0.0916666666666667,0.16364360823404808,21215,0.8739571058213528,True,0.17390438411993595
max_ret_before_flip,ret_20,Q1,-0.03819973791718262,-0.04007791619994485,0.12291755848529669,21062,0.32052986421042634,True,0.2010979455086776
max_ret_before_flip,ret_20,Q2,-0.02502180605132038,-0.0298507462686566,0.11163816170883673,21047,0.3492659286359101,True,0.2010979455086776
max_ret_before_flip,ret_20,Q3,-0.020464346123936977,-0.0147492625368732,0.10746694823735688,21059,0.42290707061114013,True,0.2010979455086776
max_ret_before_flip,ret_20,Q4,0.018202530772167935,0.0259365994236311,0.11859418434844148,21049,0.6086749964368854,True,0.2010979455086776
max_ret_before_flip,ret_20,Q5,0.16289820759149498,0.1270849880857822,0.2341309052602852,21055,0.8563286630254097,True,0.2010979455086776
max_dd_before_flip,ret_5,Q1,-0.059865960258155757,-0.0572251955537258,0.0726429319170241,21255,0.13352152434721243,True,0.13397085202914572
max_dd_before_flip,ret_5,Q2,-0.018809487732289756,-0.0242424242424241,0.05744770428728631,21259,0.2571146338021544,True,0.13397085202914572
max_dd_before_flip,ret_5,Q3,0.003930544051607462,-0.0056657223796033,0.06379277753657628,21251,0.42365065173403604,True,0.13397085202914572
max_dd_before_flip,ret_5,Q4,0.024249192652649635,0.010823975303000999,0.07010794495852454,21254,0.6343276559706408,True,0.13397085202914572
max_dd_before_flip,ret_5,Q5,0.07410489177098996,0.0442406258429997,0.10832916288864464,21255,0.8718419195483416,True,0.13397085202914572
max_dd_before_flip,ret_10,Q1,-0.0682368182980056,-0.07119729231285099,0.10455203197013621,21218,0.17216514280328024,True,0.14973971440326017
max_dd_before_flip,ret_10,Q2,-0.01647105884048022,-0.0271816881258941,0.0906800033847373,21211,0.3091791994719721,True,0.14973971440326017
max_dd_before_flip,ret_10,Q3,0.010739618740401562,-0.0034662045060658,0.09116436425723462,21215,0.4664624086731087,True,0.14973971440326017
max_dd_before_flip,ret_10,Q4,0.03522342529681538,0.0185950413223139,0.09716254602264249,21213,0.663743930608589,True,0.14973971440326017
max_dd_before_flip,ret_10,Q5,0.08150289610525459,0.0516677567037278,0.1369648638184768,21215,0.8491161913740278,True,0.14973971440326017
max_dd_before_flip,ret_20,Q1,-0.07200545148097419,-0.08638834515493504,0.1492316132917112,21058,0.2276094595878051,True,0.17960239005788753
max_dd_before_flip,ret_20,Q2,-0.0131156217613011,-0.031307801146733996,0.1382695689939606,21052,0.3637184115523466,True,0.17960239005788753
max_dd_before_flip,ret_20,Q3,0.021157875503348023,0.0,0.13481856804788503,21054,0.4990025648332858,True,0.17960239005788753
max_dd_before_flip,ret_20,Q4,0.05378334432552731,0.0312109862671661,0.13579910475045653,21053,0.6615684225526053,True,0.17960239005788753
max_dd_before_flip,ret_20,Q5,0.10759693857691333,0.073544433094995,0.19772393686400402,21055,0.8057943481358347,True,0.17960239005788753
flip1_position_in_structure,ret_5,Q1,-0.02547610032591129,-0.01965992292870895,0.061025426992524265,16362,0.2995966263292996,True,0.06432239977965654
flip1_position_in_structure,ret_5,Q2,-0.01579523461930582,-0.018058690744921,0.06617138383206754,16361,0.3381211417395025,True,0.06432239977965654
flip1_position_in_structure,ret_5,Q3,0.005080914408854187,-0.0019996694430781,0.07874518157351941,16362,0.47750886199731085,True,0.06432239977965654
flip1_position_in_structure,ret_5,Q4,0.022866643766288955,0.009271523178808,0.09332902364965247,16361,0.5804657417028299,True,0.06432239977965654
flip1_position_in_structure,ret_5,Q5,0.03884629945374525,0.01716294110166015,0.11596616374690616,16362,0.6331133113311331,True,0.06432239977965654
flip1_position_in_structure,ret_10,Q1,-0.02871220374671425,-0.024390243902439,0.08598365813960059,16340,0.3354345165238678,True,0.08204969632844167
flip1_position_in_structure,ret_10,Q2,-0.025679348729348572,-0.027507172357262202,0.08426973199503747,16340,0.32503059975520193,True,0.08204969632844167
flip1_position_in_structure,ret_10,Q3,-0.002227986415668039,-0.0072245635159543,0.09277235000767654,16345,0.4495564392780667,True,0.08204969632844167
flip1_position_in_structure,ret_10,Q4,0.023708027086902634,0.0135613207547169,0.10902165207015044,16335,0.5857973676155495,True,0.08204969632844167
flip1_position_in_structure,ret_10,Q5,0.05333749258172742,0.0304458400757785,0.15613434950427205,16340,0.6730722154222766,True,0.08204969632844167
flip1_position_in_structure,ret_20,Q1,-0.024435969506399105,-0.02681279043853645,0.13339237103406187,16200,0.3857407407407407,False,0.09259042021391713
flip1_position_in_structure,ret_20,Q2,-0.026912334821473746,-0.03726218256691825,0.12993460954117547,16200,0.34555555555555556,False,0.09259042021391713
flip1_position_in_structure,ret_20,Q3,-0.0036295541147085856,-0.0152505446623094,0.13539040314740752,16199,0.4357676399777764,False,0.09259042021391713
flip1_position_in_structure,ret_20,Q4,0.025170195291679912,0.0111424198848687,0.1472700036335173,16200,0.5471604938271605,False,0.09259042021391713
flip1_position_in_structure,ret_20,Q5,0.06567808539244338,0.0397943967166818,0.21472482967668616,16200,0.6471604938271605,False,0.09259042021391713
bars_to_first_dir_flip,ret_5,Q1,-0.03436964764911062,-0.034718333955456,0.0754864567074459,30596,0.28372989933324616,False,0.07379954830116635
bars_to_first_dir_flip,ret_5,Q2,-0.010418160648264297,-0.0352798053527981,0.09611000818485387,16275,0.3195084485407066,False,0.07379954830116635
bars_to_first_dir_flip,ret_5,Q3,0.039429900652055726,0.0046874999999999,0.11264238150176513,20711,0.5362367823861716,False,0.07379954830116635
bars_to_first_dir_flip,ret_5,Q4,0.027624933584036764,0.0114093959731542,0.07371302471244778,18123,0.6289797494895989,False,0.07379954830116635
bars_to_first_dir_flip,ret_5,Q5,0.0197164607982466,0.0097604259094943,0.05313934681427317,20569,0.6288103456658077,False,0.07379954830116635
bars_to_first_dir_flip,ret_10,Q1,-0.026642673922327293,-0.02918739695805065,0.10546835092353894,30532,0.3558233984016769,False,0.08069802193113329
bars_to_first_dir_flip,ret_10,Q2,-0.010181258092065444,-0.0242137489563039,0.11417200640176214,16187,0.38969543460801875,False,0.08069802193113329
bars_to_first_dir_flip,ret_10,Q3,-0.0041891827342621975,-0.025146689019279,0.11328228960875601,20661,0.34862784957165677,False,0.08069802193113329
bars_to_first_dir_flip,ret_10,Q4,0.054055348008806,0.0201967892283791,0.13813549814111,18123,0.647299012304806,False,0.08069802193113329
bars_to_first_dir_flip,ret_10,Q5,0.048231261169779355,0.0291262135922329,0.0906611994397896,20569,0.7824882104137294,False,0.08069802193113329
bars_to_first_dir_flip,ret_20,Q1,-0.008149032314354595,-0.0143626570915619,0.14339888176341384,30275,0.44729975227085056,False,0.09524591718103445
bars_to_first_dir_flip,ret_20,Q2,0.0054744543694503055,-0.0201858189585068,0.1722995407524508,15916,0.43264639356622264,False,0.09524591718103445
bars_to_first_dir_flip,ret_20,Q3,0.0016151932317260461,-0.02217781858831035,0.1610585670491527,20440,0.412573385518591,False,0.09524591718103445
bars_to_first_dir_flip,ret_20,Q4,0.021377906706799232,-0.0051546391752577,0.16014387463405097,18079,0.47270313623541127,False,0.09524591718103445
bars_to_first_dir_flip,ret_20,Q5,0.08709688486667985,0.05367357737474375,0.17596931962161133,20562,0.7996790195506274,False,0.09524591718103445
flip1_state_score_total,ret_5,Q1,-0.01204223799699385,-0.0129032258064515,0.06546962331703443,21255,0.37605269348388615,True,0.046052010441045926
flip1_state_score_total,ret_5,Q2,-0.0035917469723059964,-0.0070093457943924,0.06749011388409674,21255,0.4301576099741237,True,0.046052010441045926
flip1_state_score_total,ret_5,Q3,-0.0025890011634173557,-0.0068168787983029,0.08164961444000693,21254,0.43253034722875694,True,0.046052010441045926
flip1_state_score_total,ret_5,Q4,0.007816852027103372,-0.0022870211549456,0.09920943991766192,21255,0.4757468830863326,True,0.046052010441045926
flip1_state_score_total,ret_5,Q5,0.03400977244405208,0.0147551978537894,0.11223839046541494,21255,0.6059280169371912,True,0.046052010441045926
flip1_state_score_total,ret_10,Q1,-0.005653849481616837,-0.0088006034699522,0.09060131017899262,21215,0.43879330662267263,True,0.0472481212182703
flip1_state_score_total,ret_10,Q2,-0.005061850590876642,-0.00980392156862745,0.09474321923029956,21214,0.43414726124257563,True,0.0472481212182703
flip1_state_score_total,ret_10,Q3,-0.0021402821505465955,-0.008311664811062651,0.11414677095261291,21214,0.44399924578108796,True,0.0472481212182703
flip1_state_score_total,ret_10,Q4,0.014010230008267266,0.00339847314137885,0.12660042885461054,21214,0.5160742905628358,True,0.0472481212182703
flip1_state_score_total,ret_10,Q5,0.04159427173665346,0.024173027989822,0.14269731278295486,21215,0.6276219655903842,True,0.0472481212182703
flip1_state_score_total,ret_20,Q1,0.012589392531100155,0.0065934065934065,0.1189295886346162,21055,0.5259083353122773,False,0.07222601724321999
flip1_state_score_total,ret_20,Q2,-0.004598551735531604,-0.0138397798172325,0.1355944669170935,21054,0.4378740381875178,False,0.07222601724321999
flip1_state_score_total,ret_20,Q3,0.00039513298878322633,-0.0117417279411765,0.16885881859549887,21054,0.44974826636268644,False,0.07222601724321999
flip1_state_score_total,ret_20,Q4,0.021389957554469843,0.0024435024032002,0.17478744575547958,21054,0.5077419967702099,False,0.07222601724321999
flip1_state_score_total,ret_20,Q5,0.06762746550768839,0.0449197860962566,0.2014268273042947,21055,0.6363809071479458,False,0.07222601724321999
position_in_structure,ret_5,Q1,0.02525926658512927,0.010797295307284401,0.08067523030747911,16222,0.60602884971027,False,0.03834681792760487
position_in_structure,ret_5,Q2,0.017611823873328325,0.0045941807044409,0.08470204471500281,16219,0.5409088106541711,False,0.03834681792760487
position_in_structure,ret_5,Q3,-6.101520125359828e-05,-0.0092592592592593,0.08496034405235875,16221,0.4216139572159546,False,0.03834681792760487
position_in_structure,ret_5,Q4,-0.013087551342475601,-0.0198019801980199,0.08933985885730229,16220,0.35561035758323056,False,0.03834681792760487
position_in_structure,ret_5,Q5,0.007311709207200828,-0.0072815533980583,0.1074786038616489,16221,0.4459034584797485,False,0.03834681792760487
position_in_structure,ret_10,Q1,0.030021833953854188,0.015082956259427,0.10136596005089431,16173,0.606071848141965,False,0.045178084995543176
position_in_structure,ret_10,Q2,0.02329424834040217,0.010548523206751,0.11166586594292789,16173,0.5676745192604958,False,0.045178084995543176
position_in_structure,ret_10,Q3,0.002516267970751091,-0.0076335877862595,0.11563625559927976,16176,0.44912215628091,False,0.045178084995543176
position_in_structure,ret_10,Q4,-0.015156251041688988,-0.0241663765316322,0.11535151091213836,16170,0.3720470006184292,False,0.045178084995543176
position_in_structure,ret_10,Q5,0.006452142439292241,-0.0102201257861636,0.14381207737899512,16173,0.4454955790515056,False,0.045178084995543176
position_in_structure,ret_20,Q1,0.04951409132269349,0.0269784172661871,0.15166792235084184,16031,0.6124384005988397,False,0.06611810924142976
position_in_structure,ret_20,Q2,0.030272396202456156,0.010679783905915001,0.1598807859355955,16030,0.5420461634435434,False,0.06611810924142976
position_in_structure,ret_20,Q3,0.007281537418223291,-0.010611241542605801,0.16608226338931212,16030,0.45620711166562694,False,0.06611810924142976
position_in_structure,ret_20,Q4,-0.01660401791873627,-0.02974169761161275,0.1551945270679778,16030,0.39020586400499063,False,0.06611810924142976
position_in_structure,ret_20,Q5,0.0096458159036273,-0.017254637651547798,0.21319315270364184,16030,0.4378041172800998,False,0.06611810924142976
event_index,ret_5,Q1,-0.006155231073152141,-0.0073128618426916495,0.06672623399806747,21306,0.42598329109171124,False,0.029132506285549527
event_index,ret_5,Q2,-0.004006110890272668,-0.006450928278938501,0.0775366866426333,21270,0.4292430653502586,False,0.029132506285549527
event_index,ret_5,Q3,0.022977275212397386,0.0074534161490682,0.1073081053551639,21337,0.5443126962553311,False,0.029132506285549527
event_index,ret_5,Q4,0.0051175767728241514,-0.005,0.09430153017636468,21515,0.4534975598419707,False,0.029132506285549527
event_index,ret_5,Q5,0.006003119839287358,-0.0031762846381488997,0.08849831430312853,21012,0.4692556634304207,False,0.029132506285549527
event_index,ret_10,Q1,0.0040965287499357935,0.0018700527531477,0.09004584325045799,21306,0.5094808973997935,False,0.02838772938413644
event_index,ret_10,Q2,-0.007915177971457837,-0.011024132683803551,0.1032881685347829,21190,0.42340726757904673,False,0.02838772938413644
event_index,ret_10,Q3,0.0204725514126786,0.0096083282863663,0.1278570987868908,21204,0.5471137521222411,False,0.02838772938413644
event_index,ret_10,Q4,0.013960014616499105,-0.0006811989100817,0.13182330863175537,21211,0.4930460610060817,False,0.02838772938413644
event_index,ret_10,Q5,0.01222313179301698,-0.0015090543259556,0.12360191640945181,21179,0.4878889465980452,False,0.02838772938413644
event_index,ret_20,Q1,0.03407326507625319,0.02712403081572485,0.11871593323955049,21184,0.6149924471299094,False,0.05981395169038024
event_index,ret_20,Q2,-0.01773165532821925,-0.0225856697819314,0.13751020469689446,21019,0.39868690232646653,False,0.05981395169038024
event_index,ret_20,Q3,0.042082296362160994,0.02140125778827555,0.19227896621789778,21046,0.5565428109854604,False,0.05981395169038024
event_index,ret_20,Q4,0.014281421088504767,-0.0030211480362538,0.17197916069814356,20977,0.48615149926109547,False,0.05981395169038024
event_index,ret_20,Q5,0.0245676756883896,0.00045649205160655,0.1840069143449407,21048,0.5004275940706956,False,0.05981395169038024
score_trend_total,ret_5,Q1,-0.0067839194362374015,-0.0086696254406843,0.07347412701509645,21288,0.4190154077414506,False,0.014905738252633447
score_trend_total,ret_5,Q2,0.0076200932791519625,0.0,0.07742513705255429,21288,0.4961480646373544,False,0.014905738252633447
score_trend_total,ret_5,Q3,0.006895429109234428,-0.0006775145498085,0.08180786286160001,21288,0.48689402480270577,False,0.014905738252633447
score_trend_total,ret_5,Q4,0.008111018651253044,-0.002399040767386,0.08880999417103479,21288,0.4751033446072905,False,0.014905738252633447
score_trend_total,ret_5,Q5,0.008121818816396046,-0.00871977819421815,0.11450551354559302,21288,0.4451334084930477,False,0.014905738252633447
score_trend_total,ret_10,Q1,0.002722080968073349,0.0,0.09776751925564128,21218,0.4965123951362051,False,0.00822992382636898
score_trend_total,ret_10,Q2,0.01095200479444233,0.00296625921388065,0.10689224384228775,21218,0.5152700537279669,False,0.00822992382636898
score_trend_total,ret_10,Q3,0.00967348125150083,0.00202531651338825,0.10754388615520932,21218,0.5089546611367707,False,0.00822992382636898
score_trend_total,ret_10,Q4,0.009786818195696217,-0.00112740861253745,0.11585676014519958,21218,0.4911867282495994,False,0.00822992382636898
score_trend_total,ret_10,Q5,0.009689518021517676,-0.0095238095238094,0.14903899900385714,21218,0.4491469507022339,False,0.00822992382636898
score_trend_total,ret_20,Q1,0.033162933803028975,0.0250368188512517,0.12932349288399353,21055,0.603229636665875,False,0.019587567276871977
score_trend_total,ret_20,Q2,0.017159659161587022,0.0023255813953488,0.1664807324718173,21055,0.5071479458560912,False,0.019587567276871977
score_trend_total,ret_20,Q3,0.017170904899000267,0.0010683870437525,0.15873816514888014,21054,0.5018523795953264,False,0.019587567276871977
score_trend_total,ret_20,Q4,0.01636496948518448,-0.0018674136321196,0.16592984025223464,21055,0.49133222512467345,False,0.019587567276871977
score_trend_total,ret_20,Q5,0.013575366526157,-0.0128730251609127,0.1951266467477957,21055,0.45414390881025885,False,0.019587567276871977
event_seq,ret_5,Q1,-0.005508170930976873,-0.00697151017920855,0.06677829040840182,24900,0.42771084337349397,False,0.021732742676694762
event_seq,ret_5,Q2,-0.0011322981648655439,-0.0046851788367044,0.08162831678500429,19769,0.4498457180434013,False,0.021732742676694762
event_seq,ret_5,Q3,0.01622457174571789,0.0015649452269168,0.10258441514634702,19535,0.506526746864602,False,0.021732742676694762
event_seq,ret_5,Q4,0.010565601536652586,-0.0020629190304279,0.0970580990183548,23443,0.4782664334769441,False,0.021732742676694762
event_seq,ret_5,Q5,0.005590191048947322,-0.0035180299032541,0.09219940467042732,18793,0.4675677113818975,False,0.021732742676694762
event_seq,ret_10,Q1,0.0029373553075581803,0.0004522372811204,0.08950345202111111,24900,0.5007630522088353,False,0.02254254014284009
event_seq,ret_10,Q2,-0.004706599250890808,-0.0074573078510486,0.10588630171546146,19768,0.44652974504249293,False,0.02254254014284009
event_seq,ret_10,Q3,0.015690591846375536,0.0033632286995515,0.1266386561029796,19531,0.5150273923506221,False,0.02254254014284009
event_seq,ret_10,Q4,0.017835940891949283,0.0021074815595363,0.1312159982655085,23417,0.5081351155143699,False,0.02254254014284009
event_seq,ret_10,Q5,0.01106529762776445,-0.0022189652597353997,0.12802208655808017,18474,0.4852766049583198,False,0.02254254014284009
event_seq,ret_20,Q1,0.026840371592233254,0.0200052659294366,0.12099190817945332,24894,0.5829517152727565,False,0.03404796529444117
event_seq,ret_20,Q2,-0.006154266102225678,-0.013277428371768,0.1448288917666414,19759,0.44222885773571535,False,0.03404796529444117
event_seq,ret_20,Q3,0.027893699192215494,0.0043636363636363,0.18436869887941687,19523,0.5128822414587922,False,0.03404796529444117
event_seq,ret_20,Q4,0.026337619491144763,0.0038975501113585,0.1774903114197371,23333,0.513993057043672,False,0.03404796529444117
event_seq,ret_20,Q5,0.019464439623566282,-0.0037128712871287,0.19250045546093222,17765,0.483872783563186,False,0.03404796529444117
amount,ret_5,Q1,0.010714361466728326,0.0030400965806854,0.07100866734631162,21288,0.5287485907553551,True,0.012360787967174484
amount,ret_5,Q2,0.008783139515187681,0.0,0.07820697680868195,21288,0.4922021796317174,True,0.012360787967174484
amount,ret_5,Q3,0.005155441127002084,-0.0045547057389662,0.08581615508017845,21288,0.45654829011649756,True,0.012360787967174484
amount,ret_5,Q4,0.0009579248113261436,-0.0101394332712202,0.09553224048499541,21288,0.4250751597143931,True,0.012360787967174484
amount,ret_5,Q5,-0.0016464265004461575,-0.0125307244013649,0.10722038789402419,21288,0.41972003006388575,True,0.012360787967174484
amount,ret_10,Q1,0.01872198477782503,0.01127656522051005,0.10064477761991948,21218,0.5875200301630691,True,0.020186752790559818
amount,ret_10,Q2,0.01419882745285463,0.0050505050505049,0.09723104334206029,21218,0.5301159392968234,True,0.020186752790559818
amount,ret_10,Q3,0.009857323368267975,-0.00197550868763315,0.1122573732245526,21218,0.4858610613629937,True,0.020186752790559818
amount,ret_10,Q4,0.0015105356450175577,-0.01136363636363625,0.1252517454271074,21218,0.4383070977471958,True,0.020186752790559818
amount,ret_10,Q5,-0.0014647680127347878,-0.01730852768915045,0.1416666880921031,21218,0.41926666038269395,True,0.020186752790559818
amount,ret_20,Q1,0.04478225587209444,0.031122031122031,0.1622210756103991,21055,0.640085490382332,True,0.04827483130146752
amount,ret_20,Q2,0.03158463158715827,0.015130674002751,0.1438714067095324,21055,0.5659938256946093,True,0.04827483130146752
amount,ret_20,Q3,0.01962036000567325,0.0003841938253058,0.1540081850677848,21054,0.5002374845635034,True,0.04827483130146752
amount,ret_20,Q4,0.004939278175434633,-0.0152339499455929,0.16978140609747086,21055,0.4445499881263358,True,0.04827483130146752
amount,ret_20,Q5,-0.0034925754293730848,-0.0290360046457607,0.18548012510768422,21055,0.406839230586559,True,0.04827483130146752
breakout_quality_score,ret_5,Q1,-0.00642674979497754,-0.008304115433180801,0.0698658176298244,21288,0.41812288613303267,False,0.01441129402094412
breakout_quality_score,ret_5,Q2,0.007381410364502495,0.00029126921946279996,0.07992268830004247,21288,0.5004697482149568,False,0.01441129402094412
breakout_quality_score,ret_5,Q3,0.007984544225966578,-0.00050168832638675,0.0860165562388593,21288,0.48839721909056744,False,0.01441129402094412
breakout_quality_score,ret_5,Q4,0.007755245002612999,-0.0031655590383274004,0.0935448042126072,21288,0.4703119128147313,False,0.01441129402094412
breakout_quality_score,ret_5,Q5,0.007269990621693547,-0.0077922077922079,0.10805950177925913,21288,0.4449924840285607,False,0.01441129402094412
breakout_quality_score,ret_10,Q1,0.002539701896945884,0.0,0.09410562853224225,21218,0.49293053068149684,False,0.009474669147435635
breakout_quality_score,ret_10,Q2,0.012014371044381519,0.00393121247478995,0.10975944605174176,21218,0.5227165614101235,False,0.009474669147435635
breakout_quality_score,ret_10,Q3,0.011209173427819435,0.00173523499592305,0.11464821205370897,21218,0.5065510415684796,False,0.009474669147435635
breakout_quality_score,ret_10,Q4,0.010014675332507546,-0.0015163010990021,0.12349684832030486,21218,0.4884060703176548,False,0.009474669147435635
breakout_quality_score,ret_10,Q5,0.007045981529576016,-0.008817051049494599,0.137372011793342,21218,0.45046658497502123,False,0.009474669147435635
breakout_quality_score,ret_20,Q1,0.028545616007884266,0.0205371248025276,0.12757271497193323,21055,0.5851341724056044,True,0.016782646295391675
breakout_quality_score,ret_20,Q2,0.021616492356367364,0.0075187969924812,0.1588909083480528,21055,0.5258133459985752,True,0.016782646295391675
breakout_quality_score,ret_20,Q3,0.018512657753814495,0.0019029512945861,0.1619624824082222,21054,0.5052721573097748,True,0.016782646295391675
breakout_quality_score,ret_20,Q4,0.016996161770490455,-0.0030211480362538,0.18325361178490254,21055,0.48696271669437186,True,0.016782646295391675
breakout_quality_score,ret_20,Q5,0.01176296971249259,-0.0120481927710844,0.18438987798060896,21055,0.45452386606506767,True,0.016782646295391675
score_volume_total,ret_5,Q1,-0.004862154823604821,-0.0078226857887874,0.07550039995385315,21513,0.42355784874262076,False,0.014680315599368672
score_volume_total,ret_5,Q2,0.00981816077576385,0.0018939393939394,0.07924785982557894,21063,0.5138394340787162,False,0.014680315599368672
score_volume_total,ret_5,Q3,0.009335522531598767,-0.0006673340749641,0.0908006356742514,21288,0.48769259676813226,False,0.014680315599368672
score_volume_total,ret_5,Q4,0.0075454460881024706,-0.00363873142331845,0.09450481890314572,21288,0.46777527245396466,False,0.014680315599368672
score_volume_total,ret_5,Q5,0.002282627019013439,-0.009556042584602301,0.09974395516082327,21288,0.4303833145434047,False,0.014680315599368672
score_volume_total,ret_10,Q1,0.004417658249358418,0.0,0.10198336349844916,21493,0.49406783603964083,False,0.012565770876107779
score_volume_total,ret_10,Q2,0.014809717393929375,0.0071982281284608,0.10299350846878925,20943,0.5449076063601204,False,0.012565770876107779
score_volume_total,ret_10,Q3,0.01200320195130078,0.0013400673400673002,0.12257823620711722,21218,0.5049014987274956,False,0.012565770876107779
score_volume_total,ret_10,Q4,0.009484067414831024,-0.00230600742453025,0.12237438604562269,21218,0.48251484588556887,False,0.012565770876107779
score_volume_total,ret_10,Q5,0.002243946517821597,-0.0117908172611415,0.13082172520509963,21218,0.43533792063342447,False,0.012565770876107779
score_volume_total,ret_20,Q1,0.0278789241071032,0.0189573459715639,0.1372539187582707,21055,0.5780574685347898,False,0.021393160726853835
score_volume_total,ret_20,Q2,0.027931428703384595,0.015228426395939,0.15232841066171424,21055,0.559012111137497,False,0.021393160726853835
score_volume_total,ret_20,Q3,0.019877380879710062,-0.00046565694687005,0.18420019515771235,21054,0.4951553149045312,False,0.021393160726853835
score_volume_total,ret_20,Q4,0.015207960751377102,-0.0032948929159802,0.1700776323747295,21055,0.48444549988126334,False,0.021393160726853835
score_volume_total,ret_20,Q5,0.0065382679765307586,-0.0156841535965386,0.17395884969145656,21055,0.44103538351935406,False,0.021393160726853835
upper_wick_ratio,ret_5,Q1,0.01605819051146338,-0.0019736842105262,0.11879797245414965,21307,0.48242361665180455,False,0.015980493816384157
upper_wick_ratio,ret_5,Q2,0.005794563490610812,-0.00112847989352395,0.07997543408842726,21270,0.48359191349318287,False,0.015980493816384157
upper_wick_ratio,ret_5,Q3,0.001243651806595693,-0.0041152263374485,0.07732068338046401,21319,0.45818284159669775,False,0.015980493816384157
upper_wick_ratio,ret_5,Q4,7.769669507922214e-05,-0.0048076923076924,0.07784408848835944,21319,0.4522726206670106,False,0.015980493816384157
upper_wick_ratio,ret_5,Q5,0.0007812932050135135,-0.0058823529411764,0.08075453039579089,21225,0.44579505300353356,False,0.015980493816384157
upper_wick_ratio,ret_10,Q1,0.015189233310362052,0.0,0.14925609574491672,21219,0.49592346481926575,True,0.01096662586241529
upper_wick_ratio,ret_10,Q2,0.010314242314441096,0.002770083102493,0.10385244671511423,21229,0.5152856940976965,True,0.01096662586241529
upper_wick_ratio,ret_10,Q3,0.0072997030753944375,-0.0008710801393727,0.10568372822744983,21209,0.4914423122259418,True,0.01096662586241529
upper_wick_ratio,ret_10,Q4,0.005793008891825317,-0.0018570102135561,0.10854228404481359,21255,0.48520348153375675,True,0.01096662586241529
upper_wick_ratio,ret_10,Q5,0.004222607447946763,-0.0037314801649557,0.11018869780477815,21178,0.4731797147983757,True,0.01096662586241529
upper_wick_ratio,ret_20,Q1,0.02601108266521243,0.0002418379685609,0.20944850707139942,21085,0.5000237135404316,False,0.010168585683352323
upper_wick_ratio,ret_20,Q2,0.022635919650893517,0.0087336244541484,0.15260237792432854,21039,0.53410333190741,False,0.010168585683352323
upper_wick_ratio,ret_20,Q3,0.016094167956357656,0.0022329322208328,0.14705953149475215,21064,0.507690846942651,False,0.010168585683352323
upper_wick_ratio,ret_20,Q4,0.015842496981860108,0.00275357117583425,0.1535277506406303,21072,0.5088268792710706,False,0.010168585683352323
upper_wick_ratio,ret_20,Q5,0.016842617282131423,0.002577651802064,0.1517254882520907,21014,0.5070905110878462,False,0.010168585683352323
flip1_dist_to_rope_atr,ret_5,Q1,0.01830527784587912,0.0040007629574624,0.1167404092810735,18574,0.5272423818240551,False,0.01443426438108219
flip1_dist_to_rope_atr,ret_5,Q2,0.007421013839058871,-0.0032397408207343,0.09554886263352391,18573,0.46782964518386905,False,0.01443426438108219
flip1_dist_to_rope_atr,ret_5,Q3,0.0041798610891634475,-0.00281762861570855,0.08141229041483569,18574,0.47001184451383654,False,0.01443426438108219
flip1_dist_to_rope_atr,ret_5,Q4,0.0038710134647969283,-0.0035046728971963,0.0777501881429156,18573,0.4620147525978571,False,0.01443426438108219
flip1_dist_to_rope_atr,ret_5,Q5,0.006308931741541128,-0.0012761644933148,0.07643743626365392,18574,0.4847098094110046,False,0.01443426438108219
flip1_dist_to_rope_atr,ret_10,Q1,0.017527482084362177,0.0068526692874296,0.14788687661111258,18534,0.5315096579259739,False,0.009213004090784849
flip1_dist_to_rope_atr,ret_10,Q2,0.008470603526756935,-0.0019212295869356,0.12341113745337574,18533,0.48572816057842766,False,0.009213004090784849
flip1_dist_to_rope_atr,ret_10,Q3,0.008314477993577329,-0.0012244897959183,0.11201296520472362,18533,0.4884260508282523,False,0.009213004090784849
flip1_dist_to_rope_atr,ret_10,Q4,0.008751553260618128,-0.0011547344110853,0.10714243066737673,18533,0.48891167107322075,False,0.009213004090784849
flip1_dist_to_rope_atr,ret_10,Q5,0.011077867997942246,0.0013774104683195,0.10596132698814144,18533,0.5046673501321967,False,0.009213004090784849
flip1_dist_to_rope_atr,ret_20,Q1,0.030255794450263777,0.0080598760161847,0.2104651658942188,18374,0.5240557309241319,False,0.016258892146629633
flip1_dist_to_rope_atr,ret_20,Q2,0.013996902303634144,-0.0045787545787546,0.1740061027070868,18373,0.4797801121210472,False,0.016258892146629633
flip1_dist_to_rope_atr,ret_20,Q3,0.014981089381465015,-0.0008087343307723,0.15502208038623666,18373,0.4944211614869646,False,0.016258892146629633
flip1_dist_to_rope_atr,ret_20,Q4,0.015715605161337853,0.0,0.15318219720480916,18373,0.49736025689871005,False,0.016258892146629633
flip1_dist_to_rope_atr,ret_20,Q5,0.020887433231489155,0.0058796924468564,0.15482871730288578,18373,0.521362869427965,False,0.016258892146629633
atr_raw,ret_5,Q1,0.011865590315299055,0.0,0.07605876528160041,18257,0.4901133811688667,True,0.00975918675637515
atr_raw,ret_5,Q2,0.009180626226958992,-0.0009891196834816,0.08414583182813833,18257,0.48518376513118255,True,0.00975918675637515
atr_raw,ret_5,Q3,0.008695008227677112,-0.0013210039630119,0.09095097758559374,18257,0.48611491482718955,True,0.00975918675637515
atr_raw,ret_5,Q4,0.006005608520168804,-0.0036420395421435,0.0963629695411223,18257,0.47313359259462123,True,0.00975918675637515
atr_raw,ret_5,Q5,0.0021064035589239056,-0.0076997112608278,0.1058134578020015,18257,0.45456537218601084,True,0.00975918675637515
atr_raw,ret_10,Q1,0.014310933628764276,0.0033821871476888,0.09734280327548293,18187,0.5182273052180129,False,0.011023940022832177
atr_raw,ret_10,Q2,0.011867387372311897,0.0023557126030624,0.11189085820814627,18187,0.5120140759883434,False,0.011023940022832177
atr_raw,ret_10,Q3,0.012104667682135382,0.0013262599469496,0.12241256636340228,18187,0.5062957057238687,False,0.011023940022832177
atr_raw,ret_10,Q4,0.010093075118411819,-0.0017714791851195,0.12606840700325536,18187,0.4890856106009787,False,0.011023940022832177
atr_raw,ret_10,Q5,0.0032869936059321007,-0.010758377425044,0.14097393612302125,18187,0.4558200912739869,False,0.011023940022832177
atr_raw,ret_20,Q1,0.027690370523063543,0.0078431506568424,0.14776626160289763,18024,0.5341766533510874,True,0.025567973633757696
atr_raw,ret_20,Q2,0.02339223096903044,0.0061538461538461,0.17533020734564803,18024,0.5231913004882379,True,0.025567973633757696
atr_raw,ret_20,Q3,0.020186491972448567,0.0030643513789583,0.16697356508028072,18023,0.5104588581257282,True,0.025567973633757696
atr_raw,ret_20,Q4,0.0152426151915882,-0.004647432302998,0.1746200734496147,18024,0.48379937860630273,True,0.025567973633757696
atr_raw,ret_20,Q5,0.002122396889305847,-0.022994233337969003,0.18858548939110956,18024,0.4368619618286729,True,0.025567973633757696
vol_zscore,ret_5,Q1,0.010701414030085702,0.0026427090841028497,0.08199389277926047,17784,0.5210863697705803,False,0.009175092063696495
vol_zscore,ret_5,Q2,0.0090723096265543,0.0,0.0868145586324796,17783,0.4941236011921498,False,0.009175092063696495
vol_zscore,ret_5,Q3,0.0094751177635513,-0.0012843573000850001,0.09367360727294101,17784,0.4847053531264058,False,0.009175092063696495
vol_zscore,ret_5,Q4,0.0074479182040915045,-0.0047818290496115,0.09777078309122796,17783,0.46178934937862004,False,0.009175092063696495
vol_zscore,ret_5,Q5,0.0015263219663892065,-0.00985442378657055,0.098739465969519,17784,0.42853126405757985,False,0.009175092063696495
vol_zscore,ret_10,Q1,0.016057452552630715,0.0064516129032257,0.11206760235446499,17714,0.5416055097662865,True,0.014643942898744867
vol_zscore,ret_10,Q2,0.012379165142356714,0.0023784355179705,0.1137134127045312,17713,0.5114887370857563,True,0.014643942898744867
vol_zscore,ret_10,Q3,0.011250155769062025,0.0005543375221051499,0.1254391414324743,17714,0.5010725979451282,True,0.014643942898744867
vol_zscore,ret_10,Q4,0.008865035544083785,-0.0045045045045045,0.12820646976581412,17713,0.4715745497657088,True,0.014643942898744867
vol_zscore,ret_10,Q5,0.001413509653885848,-0.01189931599355195,0.12746895983771406,17714,0.43383764254262164,True,0.014643942898744867
vol_zscore,ret_20,Q1,0.019236805973897694,0.0067360685854258,0.15959277893288124,17551,0.5243575864623098,False,0.013013350222919828
vol_zscore,ret_20,Q2,0.0189404301719112,0.0012410855937034998,0.1642585426292472,17550,0.5023361823361824,False,0.013013350222919828
vol_zscore,ret_20,Q3,0.01954192065980186,-0.0007836143868287,0.1889143068722405,17550,0.4945868945868946,False,0.013013350222919828
vol_zscore,ret_20,Q4,0.014717326316415492,-0.00514648007440955,0.17622398769642805,17550,0.4781196581196581,False,0.013013350222919828
vol_zscore,ret_20,Q5,0.0065285704368820315,-0.0147341447789877,0.1701062592818615,17551,0.4408295823599795,False,0.013013350222919828
range_width_atr,ret_5,Q1,-0.0013340255955732517,-0.0154486036838976,0.11159420740796937,18257,0.4057621734129375,False,0.01330587017450058
range_width_atr,ret_5,Q2,0.010166942336756335,-0.0036130068245684,0.10208665491426239,18257,0.47198334885249493,False,0.01330587017450058
range_width_atr,ret_5,Q3,0.011971844578927329,0.0,0.0898567246978534,18257,0.4936188859067755,False,0.01330587017450058
range_width_atr,ret_5,Q4,0.010016597792732796,0.0005649717514124,0.08054499023602567,18257,0.5015062715670702,False,0.01330587017450058
range_width_atr,ret_5,Q5,0.00703187773618466,0.0020449897750511,0.0642347079439214,18257,0.5162403461685928,False,0.01330587017450058
range_width_atr,ret_10,Q1,-0.0025417399254344126,-0.0203821656050954,0.14960804979478554,18187,0.4016605267498763,False,0.017643711206997304
range_width_atr,ret_10,Q2,0.011466276298188124,-0.003154574132492,0.13191429876561453,18187,0.4808379611810634,False,0.017643711206997304
range_width_atr,ret_10,Q3,0.015101971281562892,0.0036496350364962,0.11762330800186098,18187,0.5175125089349535,False,0.017643711206997304
range_width_atr,ret_10,Q4,0.014696943255732451,0.0058027079303675,0.1025294815803069,18187,0.5331830428327926,False,0.017643711206997304
range_width_atr,ret_10,Q5,0.01293960649750642,0.006765899864682,0.09203703629791292,18187,0.5482487491065047,False,0.017643711206997304
range_width_atr,ret_20,Q1,0.0010235230131618498,-0.0262144349341137,0.19412068591822731,18024,0.4102862849533955,False,0.02657646525841664
range_width_atr,ret_20,Q2,0.01925388827074564,-0.00323886852029595,0.17496461661049273,18024,0.4882379050155348,False,0.02657646525841664
range_width_atr,ret_20,Q3,0.026344229198121284,0.0061594202898549,0.17200342411446032,18023,0.5212228818731621,False,0.02657646525841664
range_width_atr,ret_20,Q4,0.027599988271578488,0.01126246747614915,0.15500909472830307,18024,0.5449400798934754,False,0.02657646525841664
range_width_atr,ret_20,Q5,0.01441281843282055,0.0059731224356306,0.15661114774821835,18024,0.5238015978695073,False,0.02657646525841664
upper,ret_5,Q1,0.012739826224982329,0.0,0.08840837837811376,18281,0.48361686997429026,True,0.010765238235891105
upper,ret_5,Q2,0.009272773600151855,-0.0010261675354077,0.086452377343499,18248,0.4862450679526523,True,0.010765238235891105
upper,ret_5,Q3,0.007300666123070268,-0.001429081997345,0.09016423431660361,18254,0.48449654870165443,True,0.010765238235891105
upper,ret_5,Q4,0.006556457118591402,-0.0029336519434974,0.09325055835123665,18254,0.47512873890654106,True,0.010765238235891105
upper,ret_5,Q5,0.001974587989091224,-0.0057883043636282,0.09745742333951166,18248,0.45961201227531784,True,0.010765238235891105
upper,ret_10,Q1,0.015549783172319896,0.00268098441722725,0.11443718729653916,18214,0.5102668277149446,True,0.011497720817795163
upper,ret_10,Q2,0.012231354655604317,0.00219178147998685,0.11608135425412114,18176,0.5112235915492958,True,0.011497720817795163
upper,ret_10,Q3,0.010668131643426448,0.0009157509157509,0.11974481780109883,18192,0.504122691292876,True,0.011497720817795163
upper,ret_10,Q4,0.009151148930539104,-0.0011820330969266,0.12040241273824241,18175,0.4912242090784044,True,0.011497720817795163
upper,ret_10,Q5,0.004052062354524733,-0.007690531391624299,0.13169184321663568,18178,0.4645725602376499,True,0.011497720817795163
upper,ret_20,Q1,0.030099447266878382,0.0074766616356419,0.1694302407913113,18044,0.5273221015295944,True,0.02783634481245078
upper,ret_20,Q2,0.02436593173581809,0.0065437889315831995,0.17771887607849512,18040,0.5243348115299334,True,0.02783634481245078
upper,ret_20,Q3,0.01855829527694897,0.0023378532740877,0.1623268195541199,17992,0.5072254335260116,True,0.02783634481245078
upper,ret_20,Q4,0.013322301837246824,-0.0034891304347825502,0.1695778256010542,18028,0.4864654981140448,True,0.02783634481245078
upper,ret_20,Q5,0.002263102454427601,-0.018312985571587,0.17618232882909415,18015,0.443075215098529,True,0.02783634481245078
score_candle_total,ret_5,Q1,0.0026429363004662164,-0.0055652234509805006,0.08766653802365292,21288,0.44893836903419765,False,0.014428254329322739
score_candle_total,ret_5,Q2,0.00045834858920400587,-0.00502428418044665,0.07865820126384182,21288,0.448750469748215,False,0.014428254329322739
score_candle_total,ret_5,Q3,0.001457435817524887,-0.0042826552462525,0.08178986081184325,21289,0.45671473530931467,False,0.014428254329322739
score_candle_total,ret_5,Q4,0.004520721497662412,-0.0024117158288326,0.08260328121090588,21290,0.47360263034288397,False,0.014428254329322739
score_candle_total,ret_5,Q5,0.014886602918526745,0.0,0.10831289787715015,21285,0.49429175475687104,False,0.014428254329322739
score_candle_total,ret_10,Q1,0.006093965580907297,-0.0029999999999998,0.11842346599155197,21219,0.47891041048117255,False,0.008107064210671174
score_candle_total,ret_10,Q2,0.005943253085702019,-0.0021008403361344,0.11105880188613126,21217,0.48211339963237027,False,0.008107064210671174
score_candle_total,ret_10,Q3,0.007106131125515603,-0.0016722408026756,0.11043002122718018,21218,0.48713356584032425,False,0.008107064210671174
score_candle_total,ret_10,Q4,0.009630229039683219,0.001513437122786,0.10928062810591876,21218,0.5062211330002828,False,0.008107064210671174
score_candle_total,ret_10,Q5,0.014050317296373193,0.00169097631274955,0.13299523187440962,21218,0.5066924309548496,False,0.008107064210671174
score_candle_total,ret_20,Q1,0.01942520083836824,0.0033259423503326,0.16302822259697786,21055,0.5102350985514129,False,0.01003282961552953
score_candle_total,ret_20,Q2,0.01589138041287321,0.0029498525073745,0.15373465715393267,21055,0.509380194728093,False,0.01003282961552953
score_candle_total,ret_20,Q3,0.016164745701794516,0.001609657947686,0.1507457313627469,21055,0.5046307290429827,False,0.01003282961552953
score_candle_total,ret_20,Q4,0.020029272584804553,0.0055817947617005,0.15758512131878558,21057,0.5196371752861282,False,0.01003282961552953
score_candle_total,ret_20,Q5,0.02592421002840274,0.0045921021185666,0.1940465454328768,21052,0.5138229146874406,False,0.01003282961552953
lower,ret_5,Q1,0.012955094785904491,0.0,0.0904104325800102,18257,0.48359533329681764,True,0.010657212164688446
lower,ret_5,Q2,0.009167573391863455,-0.0010373443983402,0.08653684216572419,18257,0.48611491482718955,True,0.010657212164688446
lower,ret_5,Q3,0.007381451611887264,-0.0016652789342214,0.09120635378431759,18257,0.4826094100892808,True,0.010657212164688446
lower,ret_5,Q4,0.0060512344381566125,-0.0029019152640743,0.09192053886241144,18257,0.47455770389439667,True,0.010657212164688446
lower,ret_5,Q5,0.0022978826212160445,-0.0053653551354113,0.09582333654195255,18257,0.4622336638001862,True,0.010657212164688446
lower,ret_10,Q1,0.01579528544556044,0.0025510204081633,0.1171484876892209,18187,0.508605047561445,True,0.011462718901351105
lower,ret_10,Q2,0.012021111435664965,0.0021321961620468,0.11618846847484028,18187,0.5110243580579534,True,0.011462718901351105
lower,ret_10,Q3,0.01093412649340281,0.0008968609865471,0.12159160937544414,18187,0.5034915049210975,True,0.011462718901351105
lower,ret_10,Q4,0.008579967488717925,-0.0012975778546713,0.11830487545980006,18187,0.4906251718260296,True,0.011462718901351105
lower,ret_10,Q5,0.004332566544209333,-0.0068781583380123,0.12938979584055674,18187,0.46769670643866496,True,0.011462718901351105
lower,ret_20,Q1,0.03045540732156,0.00752587683899015,0.17227866282935117,18024,0.5270195295162006,True,0.027978859422004676
lower,ret_20,Q2,0.02467624209459964,0.0065323917016933495,0.177731745311309,18024,0.5244673768308922,True,0.027978859422004676
lower,ret_20,Q3,0.017970649201712506,0.001839926402944,0.16352633794451596,18023,0.5056316928369305,True,0.027978859422004676
lower,ret_20,Q4,0.013055136089550905,-0.00384298915566055,0.16862381503347681,18024,0.48501997336884156,True,0.027978859422004676
lower,ret_20,Q5,0.002476547899555327,-0.017246622301979347,0.1731798694298033,18024,0.44634931202840655,True,0.027978859422004676
flip1_close,ret_5,Q1,0.0016158682330125692,-0.00524017866949785,0.0747695642190172,21266,0.4361421988150099,True,0.008793162390096525
flip1_close,ret_5,Q2,0.003046134876936718,-0.0037658896552376,0.07971987269936216,21244,0.4593296930898136,True,0.008793162390096525
flip1_close,ret_5,Q3,0.003728189912562537,-0.0033898305084746,0.08413028602483145,21275,0.46660399529964747,True,0.008793162390096525
flip1_close,ret_5,Q4,0.0048083638080217315,-0.0036026762738033,0.09223896363780297,21241,0.4700343674968222,True,0.008793162390096525
flip1_close,ret_5,Q5,0.010409030623109094,-0.00147196797628215,0.10790842181040174,21248,0.48832831325301207,True,0.008793162390096525
flip1_close,ret_10,Q1,0.0023994712386938223,-0.0034904013961606,0.09390007358128782,21217,0.464957345524815,True,0.01684011270550473
flip1_close,ret_10,Q2,0.004678509676176407,-0.00087606870404755,0.09998572918136578,21232,0.49227581009796534,True,0.01684011270550473
flip1_close,ret_10,Q3,0.007147075691122661,0.0,0.11016038768694998,21199,0.49507052219444314,True,0.01684011270550473
flip1_close,ret_10,Q4,0.009287599787411258,-0.0004582951420715,0.12076523338128067,21209,0.4965344900749682,True,0.01684011270550473
flip1_close,ret_10,Q5,0.01923958394419855,0.0027670171555063,0.15008919278215313,21215,0.5118076832429884,True,0.01684011270550473
flip1_close,ret_20,Q1,0.015455345269055898,0.0,0.1386484686785121,21096,0.49933636708380735,True,0.011732629622931822
flip1_close,ret_20,Q2,0.01786669950494976,0.0057471264367816,0.14287219335379167,21053,0.5232983422790101,True,0.011732629622931822
flip1_close,ret_20,Q3,0.018101773216725684,0.0041597337770382,0.15153739590896803,21017,0.5146310129894847,True,0.011732629622931822
flip1_close,ret_20,Q4,0.018801020771875232,0.0030165912518853,0.16769686098423908,21057,0.5111364391888683,True,0.011732629622931822
flip1_close,ret_20,Q5,0.02718797489198772,0.0031434911242604,0.21140085051527985,21049,0.5092878521544967,True,0.011732629622931822
rope_slope_atr_5,ret_5,Q1,0.006983444822737438,0.0,0.08008473935671509,18257,0.4980007668291614,False,0.001883595000270577
rope_slope_atr_5,ret_5,Q2,0.00748908489965199,0.0,0.07937042556692929,18257,0.4960836939256176,False,0.001883595000270577
rope_slope_atr_5,ret_5,Q3,0.006800567450867068,-0.001681378730559,0.08262551198655935,18257,0.4789395848167826,False,0.001883595000270577
rope_slope_atr_5,ret_5,Q4,0.008684162451137645,-0.0025542784163474,0.09179317210908364,18257,0.47510543900969493,False,0.001883595000270577
rope_slope_atr_5,ret_5,Q5,0.007895977224633727,-0.0097826086956521,0.11707253283659266,18257,0.44098154132661443,False,0.001883595000270577
rope_slope_atr_5,ret_10,Q1,0.012459617211419348,0.005859375,0.11030580816833434,18187,0.5373068675427504,False,0.002959873652185552
rope_slope_atr_5,ret_10,Q2,0.010230667749671744,0.0024469820554648,0.10679074518776216,18187,0.5108594050695552,False,0.002959873652185552
rope_slope_atr_5,ret_10,Q3,0.009499743559233796,0.0007407407407407,0.10941100243161964,18187,0.5014570847308517,False,0.002959873652185552
rope_slope_atr_5,ret_10,Q4,0.009875689750969193,-0.001495513459621,0.11744073569927767,18187,0.4890856106009787,False,0.002959873652185552
rope_slope_atr_5,ret_10,Q5,0.009597339136261394,-0.0108323831242872,0.15322282539177756,18187,0.4427338208610546,False,0.002959873652185552
rope_slope_atr_5,ret_20,Q1,0.025474941690136435,0.0126451924631142,0.1705347550349683,18024,0.5474367509986684,False,0.01209892475087328
rope_slope_atr_5,ret_20,Q2,0.01631826038779379,0.00186887543818575,0.15510804113665824,18024,0.5052152685308477,False,0.01209892475087328
rope_slope_atr_5,ret_20,Q3,0.017365698326507757,0.0,0.16077030328051414,18023,0.4979748099650447,False,0.01209892475087328
rope_slope_atr_5,ret_20,Q4,0.0160990316996468,-0.0021786906022016,0.16728751771699862,18024,0.4899578339991123,False,0.01209892475087328
rope_slope_atr_5,ret_20,Q5,0.013376016939263154,-0.01507193501755335,0.19960669339929626,18024,0.4479027962716378,False,0.01209892475087328
