symbol,datetime,open,high,low,close,rope_dir,dist_to_rope_atr,rope_slope_atr_5,range_break_up,range_break_up_strength,bb_pos_01,dsa_pivot_pos_01,bb_width_percentile,near_rope_ratio_5_loose,near_rope_ratio_5_mid,near_rope_streak_loose,near_rope_streak_mid,coil_loose,coil_mid,coil_strict,trigger_slope_up,trigger_above_rope,trigger_depart_from_rope,trigger_break_up,trigger_break_up_strong,trigger_dual_confirm,not_too_high,hit20_10,hit20_15,hit40_20,ret_5,ret_10,ret_20,ret_40,ret_60,max_dd_5,max_dd_10,max_dd_20,max_dd_40,max_dd_60,win_5,win_10,win_20,win_40,win_60,variant,variant_name
603221.SH,2021-05-28 07:00:00,10.68,11.76,10.6,11.2,1.0,1.0000000000000002,0.7234012148613547,1.0,0.8817486346738369,0.8855421761133123,0.6040268456375836,,0.6,0.6,0.0,0.0,0,0,0,1,1,1,1,1,1,1,0.0,0.0,0.0,-0.05357142857142854,-0.046428571428571395,-0.046428571428571395,-0.13482142857142856,-0.15535714285714272,-0.05535714285714279,-0.05714285714285704,-0.07767857142857136,-0.13571428571428568,-0.17589285714285705,0.0,0.0,0.0,0.0,0.0,A,A_loose_background
002724.SZ,2021-06-02 07:00:00,12.53,12.94,11.56,11.7,1.0,0.21412745519116086,0.3401810021058756,0.0,,0.8073228047464965,0.6446991404011461,,0.6,0.6,1.0,1.0,0,0,0,1,1,0,0,0,0,1,1.0,0.0,1.0,0.018803418803418858,0.004273504273504335,0.1393162393162394,0.28461538461538466,0.6666666666666667,-0.035897435897435895,-0.035897435897435895,-0.035897435897435895,-0.035897435897435895,-0.035897435897435895,1.0,1.0,1.0,1.0,1.0,A,A_loose_background
300830.SZ,2021-06-04 07:00:00,8.63,8.78,8.6,8.69,1.0,0.2039235214787981,0.0,0.0,,0.5920746766020879,0.25290697674418583,,0.6,0.6,3.0,3.0,1,0,0,0,1,0,0,0,0,1,1.0,1.0,0.0,0.10586881472957423,0.19792865362485623,0.25431530494821647,0.08055235903337182,0.13924050632911403,-0.003452243958572999,-0.003452243958572999,-0.003452243958572999,-0.008055235903337203,-0.008055235903337203,1.0,1.0,1.0,1.0,1.0,A,A_loose_background
603085.SH,2021-06-07 07:00:00,7.33,7.56,7.31,7.34,1.0,0.28952405093884587,0.0,0.0,,0.6865692807645224,0.5633802816901408,,0.6,0.4,3.0,2.0,0,0,0,0,1,0,0,0,0,1,0.0,0.0,0.0,-0.047683923705722026,-0.005449591280653956,-0.06267029972752043,-0.10899182561307899,-0.09128065395095367,-0.05313351498637598,-0.07356948228882834,-0.07356948228882834,-0.17574931880108993,-0.17574931880108993,0.0,0.0,0.0,0.0,0.0,A,A_loose_background
603218.SH,2021-06-08 07:00:00,25.4,25.84,24.73,25.1,1.0,0.0702205241975157,0.0,0.0,,0.4432290235585864,0.20852359208523608,,0.6,0.6,3.0,3.0,1,0,0,0,1,0,0,0,0,1,0.0,0.0,1.0,0.057768924302788814,0.11513944223107557,-0.015139442231075799,0.439043824701195,0.15139442231075684,-0.0099601593625498,-0.0099601593625498,-0.033864541832669376,-0.033864541832669376,-0.033864541832669376,1.0,1.0,0.0,1.0,1.0,A,A_loose_background
300915.SZ,2021-06-09 07:00:00,56.08,64.68,55.8,63.4,1.0,1.0000000000000002,0.29007910663670883,1.0,0.3875207709130649,0.4294089206894903,0.5464556090846524,,0.8,0.8,0.0,0.0,0,0,0,1,1,1,1,1,1,1,0.0,0.0,0.0,-0.09384858044164031,-0.05362776025236591,-0.16514195583596214,-0.18817034700315458,-0.20993690851735008,-0.13249211356466875,-0.13249211356466875,-0.1701892744479495,-0.20031545741324916,-0.22397476340694,0.0,0.0,0.0,0.0,0.0,A,A_loose_background
300859.SZ,2021-06-10 07:00:00,23.7,23.7,22.0,22.22,1.0,0.49019079698107343,0.26386057419914305,0.0,,0.8913879123702009,0.23082942097026596,,0.6,0.4,1.0,0.0,0,0,0,1,1,0,0,0,0,1,1.0,0.0,0.0,0.00900090009000913,0.09180918091809194,0.13996399639963994,-0.16471647164716474,0.037353735373537436,-0.05040504050405029,-0.05040504050405029,-0.05040504050405029,-0.28667866786678664,-0.28667866786678664,1.0,1.0,1.0,0.0,1.0,A,A_loose_background
600008.SH,2021-06-10 07:00:00,3.05,3.06,3.02,3.05,1.0,0.38066637225906114,0.0,0.0,,0.5731651684055135,0.49999999999999917,,0.6,0.4,3.0,2.0,1,0,0,0,1,0,0,0,0,1,0.0,0.0,0.0,-0.006557377049180334,0.013114754098360668,0.019672131147541003,0.0819672131147541,0.24918032786885255,-0.02950819672131143,-0.02950819672131143,-0.02950819672131143,-0.02950819672131143,-0.02950819672131143,0.0,1.0,1.0,1.0,1.0,A,A_loose_background
688027.SH,2021-06-10 07:00:00,195.52,198.66,194.25,197.6,1.0,0.3209449682633175,0.09323270325000424,0.0,,0.6538448856523705,0.7145862552594668,,0.6,0.6,3.0,3.0,1,0,0,1,1,0,0,0,0,1,0.0,0.0,0.0,0.06072874493927126,0.12753036437246973,0.026821862348178196,0.011133603238866483,-0.08390688259109304,-0.04817813765182177,-0.04817813765182177,-0.04817813765182177,-0.06882591093117406,-0.11882591093117405,1.0,1.0,1.0,1.0,0.0,A,A_loose_background
600860.SH,2021-06-11 07:00:00,5.62,5.74,5.5,5.68,1.0,0.3212811106621607,0.0,0.0,,0.7979434589630912,0.5698324022346366,,0.6,0.6,3.0,3.0,0,0,0,0,1,0,0,0,0,1,0.0,0.0,1.0,-0.03169014084507037,-0.03169014084507037,0.01936619718309865,0.29401408450704225,0.31690140845070436,-0.03873239436619714,-0.04929577464788722,-0.09507042253521128,-0.09507042253521128,-0.09507042253521128,0.0,0.0,1.0,1.0,1.0,A,A_loose_background
601020.SH,2021-06-16 07:00:00,7.3,7.31,7.13,7.2,1.0,0.14394748581918607,0.0017361347561389356,0.0,,0.572206013558543,0.422680412371134,,0.6,0.6,2.0,2.0,1,0,0,1,1,0,0,0,0,1,1.0,0.0,1.0,0.01388888888888884,-0.03333333333333336,0.1347222222222222,0.2722222222222222,1.0555555555555556,-0.004166666666666701,-0.04861111111111118,-0.052777777777777764,-0.052777777777777764,-0.052777777777777764,1.0,0.0,1.0,1.0,1.0,A,A_loose_background
603936.SH,2021-06-16 07:00:00,11.04,11.23,10.91,10.97,1.0,0.11926905021239996,0.0383319633895231,0.0,,0.43782684835472035,0.39516129032258074,,0.6,0.6,3.0,3.0,0,0,0,1,1,0,0,0,0,1,0.0,0.0,1.0,0.07019143117593432,0.08021877848678204,0.09936189608021875,0.22607110300820404,0.40474020054694615,-0.009115770282589008,-0.009115770282589008,-0.009115770282589008,-0.009115770282589008,-0.009115770282589008,1.0,1.0,1.0,1.0,1.0,A,A_loose_background
688571.SH,2021-06-17 07:00:00,8.71,8.88,8.65,8.82,1.0,0.29530648794747005,0.11486250517101526,0.0,,0.6541743145521457,0.31868131868131866,,0.6,0.6,3.0,3.0,0,0,0,1,1,0,0,0,0,1,0.0,0.0,0.0,0.007936507936507969,-0.005668934240362892,0.014739229024943198,0.02494331065759624,0.044217687074829995,-0.004535147392290354,-0.00680272108843543,-0.030612244897959134,-0.07142857142857152,-0.07142857142857152,1.0,0.0,1.0,1.0,1.0,A,A_loose_background
603619.SH,2021-06-21 07:00:00,10.17,10.36,10.15,10.19,1.0,0.30480177820495863,0.14226162853696112,0.0,,0.6994429565852123,0.6553191489361699,,0.6,0.4,3.0,2.0,0,0,0,1,1,0,0,0,0,1,0.0,0.0,0.0,0.0039254170755643695,-0.05691854759568205,-0.13052011776251227,-0.10206084396467116,0.39352306182531893,-0.009813542688910663,-0.08537782139352298,-0.1432777232580961,-0.1589793915603532,-0.1589793915603532,1.0,0.0,0.0,0.0,1.0,A,A_loose_background
600623.SH,2021-06-24 07:00:00,8.84,9.12,8.72,8.81,1.0,0.2414309559127672,0.0,0.0,,0.5849820520760001,0.5271739130434786,,0.6,0.6,3.0,3.0,1,0,0,0,1,0,0,0,0,1,0.0,0.0,1.0,-0.04653802497162317,-0.0851305334846765,0.094211123723042,0.3677639046538025,0.7037457434733256,-0.04653802497162317,-0.08967082860385935,-0.08967082860385935,-0.08967082860385935,-0.08967082860385935,0.0,0.0,1.0,1.0,1.0,A,A_loose_background
300932.SZ,2021-06-28 07:00:00,33.0,33.27,32.85,33.04,1.0,0.03209802751849805,0.5201341174820029,0.0,,0.5913438594639538,0.1982651796778189,,0.6,0.6,3.0,3.0,0,0,0,1,1,0,0,0,0,1,0.0,0.0,0.0,-0.01937046004842617,-0.009382566585956485,-0.14346246973365612,0.15435835351089594,0.10895883777239714,-0.05508474576271188,-0.05508474576271188,-0.15254237288135591,-0.19007263922518153,-0.19007263922518153,0.0,0.0,0.0,1.0,1.0,A,A_loose_background
300894.SZ,2021-07-05 07:00:00,66.0,67.98,65.01,66.35,1.0,0.3985062743540925,0.0,0.0,,0.6723162010977121,0.7994336951392166,0.5333333333333333,0.6,0.4,3.0,2.0,0,0,0,0,1,0,0,0,0,1,0.0,0.0,0.0,0.09675960813865866,0.15222305953278084,-0.12840994724943477,-0.1841748304446118,-0.28108515448379795,-0.0013564431047473882,-0.0013564431047473882,-0.19321778447626217,-0.19321778447626217,-0.3466465712132629,1.0,1.0,0.0,0.0,0.0,A,A_loose_background
603986.SH,2021-07-07 07:00:00,174.4,184.34,170.99,182.9,1.0,0.3685311649436688,0.1953248074701815,0.0,,0.7486638417536329,0.7787214507058419,0.40625,0.6,0.6,2.0,2.0,0,0,0,1,1,0,0,0,0,1,1.0,0.0,0.0,-0.04373974849644614,0.006232914160743501,0.10087479496992886,-0.1599234554401312,-0.18151995626025158,-0.048660470202296364,-0.10333515582285405,-0.10333515582285405,-0.20278840896664846,-0.21897211591033358,0.0,1.0,1.0,0.0,0.0,A,A_loose_background
002564.SZ,2021-07-14 07:00:00,4.25,4.25,4.09,4.11,1.0,0.4645297949193477,0.046732355383423844,0.0,,0.745575487237319,0.7988826815642461,0.2988505747126437,0.8,0.6,1.0,0.0,1,0,0,1,1,0,0,0,0,1,1.0,1.0,1.0,0.3333333333333333,0.11922141119221394,0.22141119221411174,0.21167883211678834,-0.05352798053527985,-0.02433090024330913,-0.02433090024330913,-0.02433090024330913,-0.02433090024330913,-0.06082725060827261,1.0,1.0,1.0,1.0,0.0,A,A_loose_background
300507.SZ,2021-08-10 07:00:00,9.95,10.29,9.86,10.01,1.0,0.46285398551351176,0.17412168252031715,0.0,,0.776913524043832,0.5502512562814068,0.6885245901639344,0.6,0.4,1.0,0.0,0,0,0,1,1,0,0,0,0,1,0.0,0.0,0.0,-0.07392607392607395,-0.04295704295704293,-0.08091908091908097,-0.1598401598401598,-0.14185814185814186,-0.08091908091908097,-0.10989010989010986,-0.13786213786213777,-0.21478521478521473,-0.2527472527472527,0.0,0.0,0.0,0.0,0.0,A,A_loose_background
600561.SH,2021-08-17 07:00:00,4.35,4.45,4.29,4.29,1.0,0.4920592909985551,0.049920714282948996,0.0,,0.8361919109905447,0.49090909090909113,0.8032786885245902,0.8,0.6,1.0,0.0,0,0,0,1,1,0,0,0,0,1,1.0,1.0,0.0,0.09324009324009332,0.17948717948717938,0.2027972027972028,0.09090909090909083,0.053613053613053505,0.0,0.0,0.0,0.0,-0.02331002331002323,1.0,1.0,1.0,1.0,1.0,A,A_loose_background
688239.SH,2021-08-18 07:00:00,56.88,57.14,53.36,54.16,1.0,0.1081275782845183,0.0,0.0,,0.3512173200968614,0.611129404017122,,0.6,0.2,2.0,1.0,1,0,0,0,1,0,0,0,0,1,0.0,0.0,0.0,0.15952732644017728,0.16322008862629253,0.031757754800590954,-0.09896602658788774,0.21971935007385537,-0.011632200886262841,-0.011632200886262841,-0.02141802067946818,-0.13220088626292462,-0.13220088626292462,1.0,1.0,1.0,0.0,1.0,A,A_loose_background
603683.SH,2021-08-20 07:00:00,14.64,15.4,13.92,15.25,1.0,0.4723000676270384,0.0,0.0,,0.7340465609825416,0.8564231738035264,0.890625,0.6,0.4,1.0,0.0,1,0,0,0,1,0,0,0,0,1,0.0,0.0,0.0,-0.08721311475409836,-0.1357377049180328,-0.14426229508196717,-0.11868852459016396,-0.015081967213114783,-0.10163934426229512,-0.1422950819672131,-0.1888524590163935,-0.3062295081967213,-0.3062295081967213,0.0,0.0,0.0,0.0,0.0,A,A_loose_background
601228.SH,2021-09-24 07:00:00,3.54,3.55,3.45,3.45,1.0,0.3841249986989554,0.4779165495384014,0.0,,0.836322696662213,0.8148148148148154,0.9655172413793104,0.6,0.6,1.0,1.0,1,0,0,1,1,0,0,0,0,1,0.0,0.0,0.0,0.005797101449275368,-0.05507246376811605,-0.0869565217391305,-0.0869565217391305,-0.05217391304347831,-0.04057971014492757,-0.06086956521739129,-0.10724637681159423,-0.10724637681159423,-0.10724637681159423,1.0,0.0,0.0,0.0,0.0,A,A_loose_background
300426.SZ,2021-11-02 07:00:00,6.86,6.92,6.62,6.69,1.0,0.09040009124256829,0.0,0.0,,0.6700923185682142,0.6772727272727274,1.0,0.6,0.4,2.0,1.0,0,0,0,0,1,0,0,0,0,1,0.0,0.0,1.0,-0.02242152466367718,0.01644245142002981,0.046337817638266006,0.2481315396113601,0.30642750373692074,-0.031390134529147976,-0.031390134529147976,-0.031390134529147976,-0.031390134529147976,-0.031390134529147976,0.0,1.0,1.0,1.0,1.0,A,A_loose_background
000895.SZ,2021-11-09 07:00:00,30.76,31.1,30.5,30.78,1.0,0.41929183590738234,0.4571031589760971,0.0,,0.7856925726874148,0.7855579868708971,0.9210526315789473,0.6,0.0,3.0,0.0,0,0,0,1,1,0,0,0,0,1,0.0,0.0,0.0,0.007147498375568514,-0.005523066926575754,0.0068226120857698925,0.08447043534762837,0.0159194282001299,-0.04256010396361281,-0.04256010396361281,-0.07797270955165699,-0.07797270955165699,-0.07797270955165699,1.0,0.0,1.0,1.0,1.0,A,A_loose_background
300676.SZ,2021-11-10 07:00:00,88.5,90.3,87.6,89.39,1.0,0.48534837860916297,0.135074378943667,0.0,,0.7024047223216768,0.1502599964138425,0.46956521739130436,0.6,0.4,3.0,0.0,0,0,0,1,1,0,0,0,0,1,0.0,0.0,0.0,0.03535071037028747,0.002908602751985738,0.01510236044300251,-0.005481597494126802,-0.029309766193086527,-0.011858149681172415,-0.011858149681172415,-0.011858149681172415,-0.0267367714509453,-0.08736995189618528,1.0,1.0,1.0,0.0,0.0,A,A_loose_background
002157.SZ,2021-11-11 07:00:00,10.5,10.77,10.45,10.53,1.0,0.29865381633424104,0.0,0.0,,0.6677482112374058,0.7560137457044671,0.6050420168067226,0.6,0.4,3.0,2.0,0,0,0,0,1,0,0,0,0,1,0.0,0.0,0.0,0.03988603988603988,-0.037037037037036924,-0.07027540360873696,-0.03133903133903135,-0.2877492877492877,-0.014245014245014112,-0.048433048433048416,-0.09876543209876536,-0.1490978157644823,-0.3732193732193732,1.0,0.0,0.0,0.0,0.0,A,A_loose_background
000926.SZ,2021-12-01 07:00:00,4.03,4.1,4.02,4.09,1.0,0.9999999999999983,0.05929659054623201,0.0,,0.8355503223889839,0.3421052631578946,0.43333333333333335,0.6,0.0,0.0,0.0,0,0,0,1,1,1,0,0,0,1,0.0,0.0,0.0,0.004889975550122362,0.02200488997555009,0.03422982885085588,0.024449877750611377,0.09779951100244508,-0.009779951100244507,-0.009779951100244507,-0.009779951100244507,-0.009779951100244507,-0.009779951100244507,1.0,1.0,1.0,1.0,1.0,A,A_loose_background
603158.SH,2021-12-10 07:00:00,16.6,16.79,16.3,16.6,1.0,0.4272975897899886,0.0,0.0,,0.47823334256626904,0.8452950558213718,0.025,0.6,0.2,2.0,0.0,1,1,1,0,1,0,0,0,0,1,0.0,0.0,0.0,-0.012048192771084508,0.0036144578313252237,-0.006626506024096565,-0.12650602409638562,-0.3746987951807229,-0.036144578313253094,-0.036144578313253094,-0.03795180722891571,-0.15120481927710852,-0.38373493975903616,0.0,1.0,0.0,0.0,0.0,A,A_loose_background
601816.SH,2022-01-18 07:00:00,4.83,4.92,4.82,4.89,1.0,0.41648482481690574,0.0,0.0,,0.6496339537412018,0.8095238095238093,0.4,0.6,0.4,3.0,0.0,1,0,0,0,1,0,0,0,0,1,0.0,0.0,0.0,0.01022494887525577,0.08384458077709615,0.09202453987730065,0.0,0.0,-0.008179959100204507,-0.008179959100204507,-0.008179959100204507,-0.07770961145194272,-0.07770961145194272,1.0,1.0,1.0,0.0,0.0,A,A_loose_background
600676.SH,2022-03-04 07:00:00,4.61,4.61,4.44,4.49,1.0,0.36336160365982106,0.14976749589267582,0.0,,0.755009469100526,0.6704545454545455,0.39166666666666666,0.8,0.8,1.0,1.0,1,0,0,1,1,0,0,0,0,1,0.0,0.0,0.0,0.10244988864142537,0.08463251670378616,0.04677060133630288,-0.16258351893095777,-0.017817371937639215,-0.04677060133630288,-0.04677060133630288,-0.04677060133630288,-0.1848552338530067,-0.1848552338530067,1.0,1.0,1.0,0.0,0.0,A,A_loose_background
600971.SH,2022-03-10 07:00:00,7.3,7.4,7.08,7.27,1.0,0.4117403620711065,0.13731523586849373,0.0,,0.7054687653890876,0.6999999999999996,0.4166666666666667,0.6,0.2,3.0,0.0,1,0,0,1,1,0,0,0,0,1,0.0,0.0,0.0,-0.05226960110041264,0.044016506189821225,0.07977991746905091,-0.03713892709766157,0.1499312242090784,-0.12104539202200824,-0.12104539202200824,-0.12104539202200824,-0.12104539202200824,-0.12104539202200824,0.0,1.0,1.0,0.0,1.0,A,A_loose_background
002366.SZ,2022-03-23 07:00:00,5.97,6.15,5.81,5.87,1.0,0.13564305840630933,0.263568826461733,0.0,,0.6011877264482802,0.7455012853470436,0.8416666666666667,0.6,0.4,3.0,2.0,1,0,0,1,1,0,0,0,0,1,0.0,0.0,0.0,-0.018739352640545198,-0.15502555366269166,-0.19761499148211245,-0.4122657580919932,-0.33049403747870526,-0.10051107325383302,-0.17887563884156726,-0.22657580919931858,-0.51618398637138,-0.51618398637138,0.0,0.0,0.0,0.0,0.0,A,A_loose_background
002457.SZ,2022-04-13 07:00:00,11.12,11.5,10.48,10.48,1.0,0.19431244342378565,0.08014542344771175,0.0,,0.626212183439605,0.7548076923076924,0.6166666666666667,0.6,0.6,1.0,1.0,0,0,0,1,1,0,0,0,0,1,0.0,0.0,0.0,-0.054389312977099265,-0.11259541984732821,-0.13263358778625958,-0.035305343511450475,-0.08396946564885503,-0.05725190839694653,-0.22137404580152673,-0.22137404580152673,-0.22137404580152673,-0.22137404580152673,0.0,0.0,0.0,0.0,0.0,A,A_loose_background
001267.SZ,2022-05-11 07:00:00,5.7,5.87,5.59,5.59,1.0,0.4807939728367804,0.7654195363418715,0.0,,0.5778142918150384,0.16305916305916304,0.625,0.6,0.4,1.0,0.0,1,0,0,1,1,0,0,0,0,1,0.0,0.0,0.0,-0.017889087656529454,-0.07155635062611797,-0.0912343470483005,-0.08765652951699468,-0.13237924865831846,-0.05008944543828269,-0.09481216457960649,-0.10017889087656523,-0.11449016100178885,-0.15921288014311266,0.0,0.0,0.0,0.0,0.0,A,A_loose_background
300927.SZ,2022-05-16 07:00:00,32.43,34.78,31.91,32.93,1.0,0.9999999999999993,0.2122094462677807,0.0,,0.8931808666518657,0.823473282442748,0.9166666666666666,0.6,0.2,0.0,0.0,1,0,0,1,1,1,0,0,0,1,0.0,0.0,0.0,-0.05466140297600974,-0.08047373215912537,-0.0048587913756452045,-0.47585788035226234,-0.43820224719101125,-0.07075614940783476,-0.11964773762526576,-0.11964773762526576,-0.4974187670816884,-0.4974187670816884,0.0,0.0,0.0,0.0,0.0,A,A_loose_background
688072.SH,2022-06-13 07:00:00,150.0,151.56,142.18,149.1,1.0,0.23886746972500078,0.0,0.0,,0.5807393306026656,0.7973856209150327,,0.6,0.4,3.0,1.0,1,0,0,0,1,0,0,0,0,1,1.0,1.0,1.0,0.010731052984574073,0.012810194500335322,0.2287055667337357,0.7203219315895373,0.8474178403755869,-0.05566733735747809,-0.05566733735747809,-0.05566733735747809,-0.05566733735747809,-0.05566733735747809,1.0,1.0,1.0,1.0,1.0,A,A_loose_background
603773.SH,2022-08-16 07:00:00,17.3,17.56,17.11,17.21,1.0,0.18664607529197527,0.1622925357209516,0.0,,0.6652572229063313,0.7305263157894741,0.4666666666666667,0.6,0.6,3.0,3.0,0,0,0,1,1,0,0,0,0,1,0.0,0.0,0.0,0.024404416037187574,-0.04299825682742603,-0.09006391632771649,-0.1557234166182453,-0.11040092969203953,-0.01220220801859389,-0.09296920395119125,-0.10226612434631037,-0.2463683904706566,-0.2463683904706566,1.0,0.0,0.0,0.0,0.0,A,A_loose_background
003012.SZ,2022-08-18 07:00:00,8.6,8.66,8.47,8.47,1.0,0.18203325011200783,0.8800612001889899,0.0,,0.8661417859242597,0.5333333333333335,0.6333333333333333,0.6,0.4,1.0,1.0,0,0,0,1,1,0,0,0,0,1,0.0,0.0,0.0,-0.04486422668240859,-0.05785123966942151,-0.06847697756788677,-0.1298701298701299,-0.020070838252656424,-0.06729634002361277,-0.08382526564344756,-0.08382526564344756,-0.14994096812278634,-0.18417945690672968,0.0,0.0,0.0,0.0,0.0,A,A_loose_background
301206.SZ,2022-11-01 07:00:00,34.32,35.86,34.32,35.75,1.0,1.000000000000001,0.03677604410990038,1.0,0.13177887140488656,0.8926335746231994,0.030172413793103443,0.11666666666666667,0.6,0.6,0.0,0.0,1,1,1,1,1,1,1,0,1,1,0.0,0.0,0.0,0.03356643356643364,0.034685314685314744,0.05650349650349659,0.04811188811188808,0.029650349650349715,-0.013706293706293763,-0.013706293706293763,-0.013706293706293763,-0.013706293706293763,-0.013706293706293763,1.0,1.0,1.0,1.0,1.0,A,A_loose_background
001299.SZ,2022-12-09 07:00:00,24.76,25.64,24.4,24.63,1.0,0.11278989761750496,0.041226348831981084,0.0,,0.556572065875136,0.7040572792362769,,0.6,0.6,3.0,3.0,1,0,0,1,1,0,0,0,0,1,0.0,0.0,0.0,-0.08810393828664223,-0.16362159967519277,-0.12870483150629305,-0.1599675192854242,-0.2614697523345513,-0.09460008120178637,-0.18798213560698332,-0.20381648396264718,-0.20381648396264718,-0.26877791311408844,0.0,0.0,0.0,0.0,0.0,A,A_loose_background
600623.SH,2022-12-14 07:00:00,6.7,6.73,6.64,6.64,1.0,0.07837595915646196,0.24645940892560247,0.0,,0.6525157232703327,0.7407407407407407,0.5833333333333334,0.6,0.6,3.0,3.0,0,0,0,1,1,0,0,0,0,1,0.0,0.0,0.0,-0.012048192771084348,-0.04216867469879509,-0.05120481927710842,0.021084337349397676,0.018072289156626523,-0.02560240963855421,-0.04668674698795175,-0.052710843373493924,-0.052710843373493924,-0.052710843373493924,0.0,0.0,0.0,1.0,1.0,A,A_loose_background
300859.SZ,2022-12-19 07:00:00,34.3,35.41,33.47,33.72,1.0,0.11231569763654527,0.3111200573020933,0.0,,0.5812419062516457,0.7104806022003474,0.4583333333333333,0.6,0.4,3.0,1.0,0,0,0,1,1,0,0,0,0,1,0.0,0.0,0.0,0.009786476868327352,-0.043594306049822035,-0.10943060498220634,-0.10735468564650053,-0.042111506524317964,-0.058422301304863554,-0.058422301304863554,-0.1295966785290628,-0.17852906287069986,-0.17852906287069986,1.0,0.0,0.0,0.0,0.0,A,A_loose_background
301285.SZ,2022-12-19 07:00:00,14.99,15.19,14.63,14.83,1.0,0.18187520396277942,0.17776189137898857,0.0,,0.4332258052740661,0.12776412776412788,0.42857142857142855,0.6,0.4,2.0,1.0,0,0,0,1,1,0,0,0,0,1,0.0,0.0,0.0,-0.07484828051247468,-0.08968307484828052,-0.05596763317599461,0.011463250168577204,-0.018880647336480063,-0.10923803101820628,-0.12272420768712072,-0.12272420768712072,-0.12272420768712072,-0.12272420768712072,0.0,0.0,0.0,1.0,0.0,A,A_loose_background
300915.SZ,2023-02-24 07:00:00,45.78,45.78,44.81,45.2,1.0,0.43780550157359105,0.0,0.0,,0.6304222263806241,0.7929104477611941,0.13333333333333333,0.6,0.4,1.0,0.0,1,1,0,0,1,0,0,0,0,1,0.0,0.0,0.0,-0.02433628318584074,-0.07345132743362832,-0.00044247787610626386,-0.14491150442477885,-0.1371681415929204,-0.03252212389380544,-0.07500000000000001,-0.09225663716814163,-0.14756637168141595,-0.18030973451327445,0.0,0.0,0.0,0.0,0.0,A,A_loose_background
600008.SH,2023-03-16 07:00:00,3.03,3.05,3.02,3.02,1.0,0.5716996565173844,0.03748684587174123,0.0,,0.7114863573682776,0.8979591836734697,0.6083333333333333,0.6,0.2,0.0,0.0,0,0,0,1,1,1,0,0,0,1,0.0,0.0,0.0,0.006622516556291397,-0.01986754966887419,-0.006622516556291397,0.04635761589403978,-0.01655629139072842,-0.0033112582781457717,-0.029801324503311213,-0.029801324503311213,-0.033112582781456984,-0.033112582781456984,1.0,0.0,0.0,1.0,0.0,A,A_loose_background
603619.SH,2023-04-25 07:00:00,17.3,17.68,17.04,17.36,1.0,0.09125699792433303,0.2624388093262778,0.0,,0.6598849242668664,0.36734693877551017,0.375,0.6,0.6,3.0,3.0,1,0,0,1,1,0,0,0,0,1,0.0,0.0,0.0,-0.010944700460829362,-0.055299539170506964,-0.029953917050691222,-0.03801843317972351,0.1463133640552995,-0.033986175115207365,-0.057027649769585166,-0.0771889400921659,-0.10714285714285711,-0.10714285714285711,0.0,0.0,0.0,0.0,1.0,A,A_loose_background
001337.SZ,2023-04-27 07:00:00,37.58,39.55,35.66,37.61,1.0,0.0558995938065548,0.46664119489009803,0.0,,0.7429178798684968,0.8449477351916376,,0.6,0.4,2.0,2.0,0,0,0,1,1,0,0,0,0,1,0.0,0.0,0.0,0.031374634405743146,-0.06487636266950274,-0.13374102632278653,-0.18319595852166978,-0.09704865727200208,-0.04839138526987504,-0.08827439510768413,-0.17495346982185583,-0.1898431268279713,-0.19888327572454137,1.0,0.0,0.0,0.0,0.0,A,A_loose_background
300830.SZ,2023-06-09 07:00:00,9.58,10.1,9.47,9.91,1.0,0.8197143898926605,0.0,0.0,,0.8560491580932944,0.6585365853658537,0.4,0.6,0.4,0.0,0.0,1,0,0,0,1,1,0,0,0,1,0.0,0.0,0.0,0.07669021190716446,-0.0060544904137235615,-0.09687184661957628,-0.09081735620585271,-0.10393541876892022,0.03935418768920288,-0.023208879919273503,-0.10292633703329965,-0.13017154389505559,-0.19172552976791124,1.0,0.0,0.0,0.0,0.0,A,A_loose_background
300426.SZ,2023-06-13 07:00:00,15.6,16.02,15.14,15.42,1.0,0.14639235759499333,0.2838413687121323,0.0,,0.6744003590430637,0.7153954802259886,0.7583333333333333,0.8,0.8,4.0,4.0,0,0,0,1,1,0,0,0,0,1,0.0,0.0,0.0,0.04280155642023336,-0.04669260700389109,-0.12775616083009084,-0.20881971465629057,-0.2996108949416342,-0.05188067444876788,-0.16666666666666669,-0.17380025940337224,-0.24708171206225685,-0.3281452658884566,1.0,0.0,0.0,0.0,0.0,A,A_loose_background
603085.SH,2023-07-12 07:00:00,11.78,11.78,11.33,11.4,1.0,0.176727890871289,0.7869280238919845,0.0,,0.8725336823702946,0.813664596273292,0.9666666666666667,0.6,0.4,1.0,1.0,0,0,0,1,1,0,0,0,0,1,0.0,0.0,0.0,-0.0587719298245614,-0.04824561403508778,-0.12192982456140355,-0.12192982456140355,-0.09298245614035092,-0.07894736842105265,-0.1175438596491228,-0.12543859649122804,-0.19122807017543855,-0.1938596491228071,0.0,0.0,0.0,0.0,0.0,A,A_loose_background
603235.SH,2023-07-12 07:00:00,31.03,31.12,30.6,30.81,1.0,0.3078070055546839,0.0,0.0,,0.6345403480605583,0.5262390670553933,0.9333333333333333,0.6,0.4,3.0,1.0,1,0,0,0,1,0,0,0,0,1,0.0,0.0,0.0,0.007140538786108485,-0.008114248620577734,-0.03959753326841931,-0.03862382343394995,-0.09347614410905547,-0.016553067185978515,-0.024342745861733205,-0.07237909769555341,-0.11262577085361893,-0.11262577085361893,1.0,0.0,0.0,0.0,0.0,A,A_loose_background
001267.SZ,2023-07-13 07:00:00,5.69,5.74,5.63,5.68,1.0,0.19792225971157992,0.0,0.0,,0.6405696489440555,0.1686390532544377,0.8,1.0,0.8,5.0,4.0,0,0,0,0,1,0,0,0,0,1,0.0,0.0,0.0,-0.02464788732394361,0.04929577464788737,0.052816901408450835,-0.0017605633802816527,-0.06338028169014075,-0.028169014084507067,-0.028169014084507067,-0.028169014084507067,-0.028169014084507067,-0.0669014084507042,0.0,1.0,1.0,0.0,0.0,A,A_loose_background
688582.SH,2023-09-13 07:00:00,40.6,41.32,38.95,39.21,1.0,0.047551678351463574,0.0,0.0,,0.43049758170381713,0.27342158859470467,0.8,0.6,0.4,1.0,1.0,1,0,0,0,1,0,0,0,0,1,0.0,0.0,0.0,-0.06273909716908954,-0.034940066309614826,-0.11502167814333072,-0.009436368273399578,-0.013516959959194112,-0.07549094618719716,-0.07549094618719716,-0.12190767661310893,-0.15786789084417235,-0.15786789084417235,0.0,0.0,0.0,0.0,0.0,A,A_loose_background
688239.SH,2023-09-18 07:00:00,62.66,62.66,61.52,61.9,1.0,0.37681435171698824,0.0,0.0,,0.557791984848523,0.22512755102040802,0.25833333333333336,0.8,0.6,1.0,1.0,1,0,1,0,1,0,0,0,0,1,0.0,0.0,0.0,-0.06300484652665587,-0.12633279483037158,-0.2253634894991922,-0.1340872374798061,-0.3080775444264944,-0.07479806138933758,-0.13069466882067846,-0.24717285945072695,-0.24717285945072695,-0.3282714054927302,0.0,0.0,0.0,0.0,0.0,A,A_loose_background
688571.SH,2023-09-20 07:00:00,6.91,6.92,6.82,6.84,1.0,0.10283647311380423,0.0,0.0,,0.4575479213365229,0.2975460122699385,0.6333333333333333,0.8,0.8,2.0,2.0,1,0,0,0,1,0,0,0,0,1,0.0,0.0,0.0,0.013157894736842085,0.01169590643274855,0.08333333333333337,0.1008771929824562,0.051169590643274934,-0.010233918128655012,-0.010233918128655012,-0.05701754385964908,-0.05701754385964908,-0.05701754385964908,1.0,1.0,1.0,1.0,1.0,A,A_loose_background
000895.SZ,2023-09-26 07:00:00,26.6,26.66,26.42,26.49,1.0,0.0436796668824995,0.14344797681076155,0.0,,0.34578820744556354,0.7080924855491326,0.26666666666666666,0.8,0.8,4.0,4.0,1,0,1,1,1,0,0,0,0,1,0.0,0.0,0.0,-0.0056625141562853375,-0.022272555681389198,-0.005285013212532919,-0.02114005285013208,-0.001132502831256987,-0.018497546243865553,-0.024915062287655727,-0.056247640619101494,-0.056247640619101494,-0.056247640619101494,0.0,0.0,0.0,0.0,0.0,A,A_loose_background
603986.SH,2023-11-13 07:00:00,105.77,106.5,103.55,104.11,1.0,0.09750728178974942,0.0,0.0,,0.5786466628256366,0.7202380952380953,0.8,0.6,0.6,3.0,3.0,0,0,0,0,1,0,0,0,0,1,0.0,0.0,0.0,-0.038901162232254316,-0.0871193929497646,-0.10767457496878295,-0.25367399865526846,-0.40486024397272113,-0.040630102775910136,-0.10191143982326385,-0.14321390836615117,-0.26654500048026125,-0.46979156661223703,0.0,0.0,0.0,0.0,0.0,A,A_loose_background
603773.SH,2023-11-22 07:00:00,36.54,36.8,35.35,36.13,1.0,0.21001222601586791,0.26876375739707087,0.0,,0.6737558202213018,0.8377171215880895,0.6333333333333333,0.6,0.4,3.0,2.0,0,0,0,1,1,0,0,0,0,1,0.0,0.0,0.0,0.05120398560752821,-0.03985607528369789,-0.09216717409355121,-0.2662607251591475,-0.3194021588707446,-0.02740105175754226,-0.06365900913368404,-0.10102407971215072,-0.2933849986161085,-0.5294768890119015,1.0,0.0,0.0,0.0,0.0,A,A_loose_background
603936.SH,2023-11-23 07:00:00,11.02,11.18,10.91,11.17,1.0,0.35767424783375695,0.5220244051680483,0.0,,0.6791599009511998,0.800925925925926,0.6666666666666666,0.6,0.6,3.0,3.0,1,0,0,1,1,0,0,0,0,1,0.0,0.0,0.0,-0.005371530886302641,-0.05729632945389441,-0.0868397493285587,-0.22291853178155777,-0.32945389435989253,-0.023276633840644566,-0.06266786034019689,-0.11011638316920326,-0.23903312444046554,-0.5264100268576545,0.0,0.0,0.0,0.0,0.0,A,A_loose_background
301365.SZ,2023-11-30 07:00:00,15.47,15.48,15.24,15.4,1.0,0.10090970665821111,0.0,0.0,,0.20429692693899787,0.05969387755102041,0.008333333333333333,0.6,0.4,2.0,2.0,1,1,1,0,1,0,0,0,0,1,0.0,0.0,0.0,0.008441558441558377,-0.0045454545454545634,-0.026623376623376632,-0.09740259740259741,-0.26298701298701305,-0.015584415584415598,-0.03896103896103894,-0.0675324675324676,-0.17467532467532465,-0.4753246753246753,1.0,0.0,0.0,0.0,0.0,A,A_loose_background
603683.SH,2023-12-06 07:00:00,11.34,11.63,11.33,11.48,1.0,0.5634430688878237,0.0,0.0,,0.6381355943106152,0.8461538461538464,0.03333333333333333,0.6,0.2,0.0,0.0,1,1,1,0,1,1,0,0,0,1,0.0,0.0,0.0,-0.033101045296167315,-0.031358885017421706,-0.005226480836236977,-0.2961672473867596,-0.264808362369338,-0.04268292682926831,-0.04616724738675968,-0.07404181184668986,-0.3022648083623694,-0.4764808362369338,0.0,0.0,0.0,0.0,0.0,A,A_loose_background
002564.SZ,2023-12-14 07:00:00,4.09,4.13,3.99,3.99,1.0,0.4363426436012002,0.0,0.0,,0.614653427529717,0.7857142857142857,0.6333333333333333,0.6,0.2,1.0,0.0,1,0,0,0,1,0,0,0,0,1,0.0,0.0,0.0,-0.0701754385964913,-0.04511278195488726,0.0576441102756891,-0.13533834586466165,-0.032581453634085294,-0.0701754385964913,-0.09022556390977451,-0.09022556390977451,-0.22055137844611536,-0.22055137844611536,0.0,0.0,1.0,0.0,0.0,A,A_loose_background
002157.SZ,2023-12-25 07:00:00,2.65,2.68,2.62,2.65,1.0,0.05954816956207268,0.0,0.0,,0.5587059134825942,0.2771084337349397,0.4,0.8,0.6,4.0,2.0,1,0,0,0,1,0,0,0,0,1,0.0,0.0,0.0,-0.003773584905660297,-0.04528301886792457,-0.07169811320754715,-0.0679245283018867,-0.007547169811320762,-0.01886792452830182,-0.05660377358490563,-0.08301886792452821,-0.1584905660377358,-0.1584905660377358,0.0,0.0,0.0,0.0,0.0,A,A_loose_background
300927.SZ,2024-02-22 07:00:00,10.76,11.3,10.72,11.29,1.0,0.9999999999999993,0.06372685819510006,1.0,0.033604025699611156,0.3758608558730663,0.2847682119205297,0.9666666666666667,0.6,0.4,0.0,0.0,0,0,0,1,1,1,1,0,1,1,1.0,1.0,0.0,0.07351638618246237,0.0070859167404783065,0.1842338352524358,0.12400354295837028,0.888396811337467,-0.012400354295836918,-0.023029229406554455,-0.023029229406554455,-0.023029229406554455,-0.023029229406554455,1.0,1.0,1.0,1.0,1.0,A,A_loose_background
600971.SH,2024-02-29 07:00:00,12.32,12.37,12.21,12.35,1.0,0.19877105827984953,0.0,0.0,,0.7598400219920035,0.8551959114139693,0.9666666666666667,0.8,0.8,4.0,4.0,0,0,0,0,1,0,0,0,0,1,0.0,0.0,0.0,0.07044534412955474,0.008097165991902806,-0.032388663967611364,0.04129554655870444,0.025910931174089092,-0.006477732793522273,-0.02834008097165989,-0.051012145748987776,-0.051012145748987776,-0.051012145748987776,1.0,1.0,0.0,1.0,1.0,A,A_loose_background
600008.SH,2024-03-07 07:00:00,2.79,2.82,2.78,2.78,1.0,0.3812423744331544,0.0,0.0,,0.4440951312624542,0.636363636363636,0.5833333333333334,0.6,0.2,1.0,1.0,1,0,0,0,1,0,0,0,0,1,0.0,0.0,0.0,0.0,0.0,0.021582733812949662,0.05395683453237423,0.025179856115108017,-0.007194244604316554,-0.007194244604316554,-0.021582733812949503,-0.021582733812949503,-0.021582733812949503,0.0,0.0,1.0,1.0,1.0,A,A_loose_background
601020.SH,2024-03-26 07:00:00,8.3,8.47,8.12,8.3,1.0,0.193118952752851,0.18722610198521156,0.0,,0.5502595639406063,0.5135746606334843,0.39166666666666666,0.6,0.4,3.0,2.0,1,0,0,1,1,0,0,0,0,1,1.0,0.0,1.0,0.10120481927710841,0.1120481927710843,0.12289156626506018,0.8710843373493974,0.5180722891566263,-0.03253012048192787,-0.03253012048192787,-0.05060240963855431,-0.05060240963855431,-0.05060240963855431,1.0,1.0,1.0,1.0,1.0,A,A_loose_background
688027.SH,2024-04-15 07:00:00,173.0,175.0,162.01,170.8,1.0,0.2121945216593956,0.0,0.0,,0.532524184515474,0.7758121330724072,0.5916666666666667,1.0,1.0,8.0,6.0,1,0,0,0,1,0,0,0,0,1,0.0,0.0,0.0,0.04800936768149876,0.26680327868852455,0.04918032786885232,-0.007845433255269341,-0.12939110070257623,-0.09104215456674479,-0.09104215456674479,-0.09104215456674479,-0.10725995316159262,-0.19192037470725995,1.0,1.0,1.0,0.0,0.0,A,A_loose_background
001326.SZ,2024-05-09 07:00:00,39.7,40.63,39.6,39.98,1.0,0.3314863449044168,0.0,0.0,,0.5744412313447391,0.7113682777399589,0.5,0.6,0.4,2.0,2.0,1,0,0,0,1,0,0,0,0,1,0.0,0.0,0.0,0.0210105052526264,0.134567283641821,-0.08904452226113045,-0.14032016008004003,-0.13206603301650813,0.0007503751875938254,0.0007503751875938254,-0.09954977488744365,-0.17158579289644824,-0.1993496748374187,1.0,1.0,0.0,0.0,0.0,A,A_loose_background
300507.SZ,2024-08-06 07:00:00,5.94,5.98,5.76,5.9,1.0,0.13623942781537338,0.23748872709218627,0.0,,0.5283221009250624,0.7647058823529412,0.5,0.6,0.6,3.0,3.0,1,0,0,1,1,0,0,0,0,1,0.0,0.0,0.0,-0.02542372881355938,-0.0864406779661018,-0.11186440677966103,0.10677966101694913,0.23389830508474574,-0.07118644067796609,-0.10169491525423738,-0.14915254237288147,-0.17796610169491536,-0.17796610169491536,0.0,0.0,0.0,1.0,1.0,A,A_loose_background
601816.SH,2024-08-06 07:00:00,5.78,5.83,5.67,5.73,1.0,0.28822914477891187,0.001402488076206297,0.0,,0.5681769442572063,0.8800000000000004,0.7333333333333333,0.6,0.4,2.0,1.0,1,0,0,1,1,0,0,0,0,1,0.0,0.0,0.0,-0.010471204188481761,-0.0034904013961606388,-0.05933682373472962,0.02268760907504361,-0.001745200698080397,-0.019197207678883128,-0.019197207678883128,-0.08376963350785348,-0.09598603839441547,-0.09598603839441547,0.0,0.0,0.0,1.0,0.0,A,A_loose_background
301586.SZ,2024-09-30 07:00:00,43.0,49.33,42.26,49.33,1.0,1.0,1.2299203617066858,1.0,1.1991352203808847,0.794599949259216,0.42433506572913476,,0.6,0.6,0.0,0.0,0,0,0,1,1,1,1,1,1,1,1.0,0.0,0.0,0.11291303466450436,0.2102169065477398,0.11331846746401791,0.1820393269815529,0.2300831137239003,-0.02675856476788973,-0.02675856476788973,-0.02675856476788973,-0.02675856476788973,-0.02675856476788973,1.0,1.0,1.0,1.0,1.0,A,A_loose_background
600676.SH,2024-10-31 07:00:00,4.27,4.44,4.18,4.34,1.0,0.4937851521707554,0.8246255714743751,0.0,,0.8337225056874008,0.8622448979591835,0.7333333333333333,0.6,0.2,3.0,0.0,0,0,0,1,1,0,0,0,0,1,1.0,0.0,0.0,0.1267281105990783,0.04838709677419354,0.12903225806451624,0.12211981566820283,-0.011520737327188899,-0.0691244239631336,-0.0691244239631336,-0.0691244239631336,-0.0691244239631336,-0.07834101382488476,1.0,1.0,1.0,1.0,0.0,A,A_loose_background
600561.SH,2024-11-19 07:00:00,5.45,5.57,5.36,5.55,1.0,0.3235308075288531,0.0,0.0,,0.5023241879427667,0.8153846153846153,0.058333333333333334,0.8,0.8,4.0,4.0,1,1,1,0,1,0,0,0,0,1,1.0,0.0,0.0,0.06126126126126124,0.10810810810810821,0.1333333333333334,-0.016216216216216193,0.04504504504504505,-0.003603603603603527,-0.003603603603603527,-0.003603603603603527,-0.14954954954954958,-0.14954954954954958,1.0,1.0,1.0,0.0,1.0,A,A_loose_background
688571.SH,2024-12-24 07:00:00,7.8,7.85,7.19,7.35,1.0,0.28190785445406324,0.8803521537986093,0.0,,0.8953642650515894,0.7446236559139783,0.5666666666666667,0.6,0.6,1.0,1.0,0,0,0,1,1,0,0,0,0,1,0.0,0.0,0.0,-0.08707482993197276,-0.1551020408163265,-0.0068027210884353505,0.106122448979592,0.01768707482993208,-0.09251700680272106,-0.18367346938775506,-0.18367346938775506,-0.18367346938775506,-0.18367346938775506,0.0,0.0,0.0,1.0,1.0,A,A_loose_background
603218.SH,2025-03-17 07:00:00,13.1,13.18,12.99,13.05,1.0,0.41372653506846957,0.0,0.0,,0.5550568903005252,0.5487012987012991,0.23333333333333334,0.6,0.4,3.0,0.0,1,1,1,0,1,0,0,0,0,1,0.0,0.0,0.0,0.01379310344827584,-0.019923371647509697,-0.12413793103448283,-0.06130268199233722,-0.047509578544061376,-0.015325670498084372,-0.026053639846743283,-0.1831417624521073,-0.1831417624521073,-0.1831417624521073,1.0,0.0,0.0,0.0,0.0,A,A_loose_background
002457.SZ,2025-03-28 07:00:00,12.21,12.25,12.0,12.11,1.0,0.46592200478482554,0.16766079157294628,0.0,,0.6193519697887531,0.2618343195266271,0.15833333333333333,0.6,0.4,1.0,0.0,1,1,0,1,1,0,0,0,0,1,0.0,0.0,0.0,-0.10404624277456646,0.0,-0.07927332782824105,-0.014863748967795187,0.04211395540875308,-0.10404624277456646,-0.134599504541701,-0.134599504541701,-0.134599504541701,-0.134599504541701,0.0,0.0,0.0,0.0,1.0,A,A_loose_background
603986.SH,2025-05-14 07:00:00,125.53,127.64,123.48,124.49,1.0,0.07606964425013338,0.0,0.0,,0.6812518056953668,0.5261860751694392,0.6666666666666666,1.0,0.8,5.0,4.0,1,0,0,0,1,0,0,0,0,1,0.0,0.0,0.0,-0.05100811310145389,-0.0882801831472407,-0.03646879267411031,-0.05165073499879503,-0.05478351674833315,-0.05952285324122417,-0.09350148606313761,-0.10828178970198402,-0.10828178970198402,-0.10828178970198402,0.0,0.0,0.0,0.0,0.0,A,A_loose_background
603619.SH,2025-05-30 07:00:00,17.08,17.29,16.81,17.13,1.0,0.08975575516409293,0.0,0.0,,0.5510711147560595,0.2847011144883484,0.35,1.0,0.8,6.0,1.0,1,0,0,0,1,0,0,0,0,1,1.0,1.0,0.0,0.041447752481027486,0.252772913018097,0.17162872154115597,0.14769410391126686,0.21366024518388793,0.004670169293637003,0.004670169293637003,0.004670169293637003,0.004670169293637003,0.004670169293637003,1.0,1.0,1.0,1.0,1.0,A,A_loose_background
300859.SZ,2025-06-19 07:00:00,39.0,40.19,38.56,38.69,1.0,0.34852574364977473,0.0,0.0,,0.6081448552835169,0.5433571996817819,0.65,0.6,0.6,1.0,1.0,1,0,0,0,1,0,0,0,0,1,0.0,0.0,0.0,0.04471439648487992,-0.01085551822176259,-0.05918842078056343,0.03747738433703807,0.22486430602222804,-0.023003360041354372,-0.023003360041354372,-0.07728095115016788,-0.07728095115016788,-0.07728095115016788,1.0,0.0,0.0,1.0,1.0,A,A_loose_background
600860.SH,2025-07-18 07:00:00,12.14,12.19,11.91,11.99,1.0,0.3412234082568636,0.0,0.0,,0.7232105586302556,0.37288135593220334,0.3,0.6,0.4,2.0,1.0,1,0,0,0,1,0,0,0,0,1,1.0,1.0,0.0,0.010008340283569577,0.09424520433694737,0.1818181818181818,0.015846538782318557,-0.0400333611342786,0.003336113427856476,0.003336113427856476,0.003336113427856476,-0.015012510425354439,-0.0442035029190992,1.0,1.0,1.0,1.0,0.0,A,A_loose_background
000926.SZ,2025-08-19 07:00:00,3.1,3.12,3.02,3.02,1.0,0.1030689776647918,0.6161276598860634,0.0,,0.7346528619630682,0.8102189781021899,0.85,0.8,0.6,4.0,1.0,0,0,0,1,1,0,0,0,0,1,0.0,0.0,0.0,-0.0033112582781457717,-0.07284768211920536,-0.033112582781456984,-0.1059602649006622,-0.152317880794702,-0.029801324503311213,-0.07947019867549676,-0.12251655629139076,-0.19867549668874174,-0.19867549668874174,0.0,0.0,0.0,0.0,0.0,A,A_loose_background
301285.SZ,2025-08-20 07:00:00,48.7,49.95,47.54,49.5,1.0,0.46786482840419186,0.0,0.0,,0.7412041975348482,0.8997919556171983,0.875,1.0,0.8,5.0,0.0,1,0,0,0,1,0,0,0,0,1,0.0,0.0,0.0,-0.02646464646464651,-0.05030303030303034,0.011717171717171683,-0.048282828282828295,0.051111111111111135,-0.06888888888888882,-0.06888888888888882,-0.09696969696969691,-0.09696969696969691,-0.09696969696969691,0.0,0.0,1.0,0.0,1.0,A,A_loose_background
001267.SZ,2025-09-30 07:00:00,18.6,18.71,17.25,17.6,1.0,0.25788477349361794,0.0,0.0,,0.6179089207468954,0.8606557377049181,0.7833333333333333,0.6,0.4,3.0,1.0,1,0,0,0,1,0,0,0,0,1,0.0,0.0,0.0,-0.16420454545454546,0.056249999999999904,-0.02215909090909094,0.042045454545454455,0.24431818181818163,-0.1931818181818183,-0.1931818181818183,-0.1931818181818183,-0.1931818181818183,-0.1931818181818183,0.0,1.0,0.0,1.0,1.0,A,A_loose_background
601228.SH,2025-10-29 07:00:00,3.42,3.42,3.37,3.41,1.0,0.2188349439000722,0.15410331432656788,0.0,,0.6191493969760798,0.5652173913043493,0.625,0.8,0.8,4.0,4.0,1,0,0,1,1,0,0,0,0,1,0.0,0.0,0.0,0.0029325513196480314,0.014662756598240416,-0.03519061583577716,-0.03812316715542532,0.09970674486803514,-0.02052785923753674,-0.02052785923753674,-0.03812316715542532,-0.06158357771260996,-0.06158357771260996,1.0,1.0,0.0,0.0,1.0,A,A_loose_background
603085.SH,2025-12-17 07:00:00,10.72,10.91,10.32,10.59,1.0,0.08010709083931455,0.05640725372624662,0.0,,0.5221032752603713,0.40860215053763443,0.44166666666666665,0.6,0.2,2.0,1.0,0,0,0,1,1,0,0,0,0,1,1.0,0.0,0.0,0.018885741265344598,0.11898016997167137,0.13125590179414548,0.12936732766761105,-0.044381491973560026,-0.012275731822473938,-0.012275731822473938,-0.012275731822473938,-0.012275731822473938,-0.05382436260623232,1.0,1.0,1.0,1.0,0.0,A,A_loose_background
688239.SH,2025-12-30 07:00:00,68.01,68.96,65.6,66.89,1.0,0.43817814807322425,0.30103154083436373,0.0,,0.8193222368775387,0.8360202671579916,0.925,0.6,0.4,1.0,0.0,0,0,0,1,1,0,0,0,0,1,0.0,0.0,0.0,0.024368365973987074,-0.05367020481387357,0.013604425175661483,0.12453281506951709,-0.1826879952160263,-0.03423531170578571,-0.07310509792196143,-0.07310509792196143,-0.07310509792196143,-0.1956944236806698,1.0,0.0,1.0,1.0,0.0,A,A_loose_background
600623.SH,2026-01-09 07:00:00,8.03,8.07,7.89,7.96,1.0,0.03227613546974976,1.2743316783174437,0.0,,0.8328521242859056,0.3665158371040724,0.7583333333333333,0.6,0.4,3.0,2.0,0,0,0,1,1,0,0,0,0,1,1.0,1.0,1.0,0.12437185929648233,0.21859296482412052,0.18592964824120597,0.38442211055276376,,0.00251256281407041,0.00251256281407041,0.00251256281407041,0.00251256281407041,,1.0,1.0,1.0,1.0,0.0,A,A_loose_background
300894.SZ,2026-01-15 07:00:00,12.45,12.47,12.16,12.25,1.0,0.08420001071596882,0.4009522027930233,0.0,,0.7068412538225048,0.31381733021077285,0.9333333333333333,0.8,0.6,3.0,1.0,0,0,0,1,1,0,0,0,0,1,0.0,0.0,0.0,0.0,-0.04734693877551021,-0.04326530612244893,-0.1412244897959184,,-0.01795918367346944,-0.06530612244897965,-0.07346938775510208,-0.14204081632653062,,0.0,0.0,0.0,0.0,0.0,A,A_loose_background
688072.SH,2026-01-26 07:00:00,368.55,372.94,351.98,359.59,1.0,0.17082399326852055,0.0,0.0,,0.4963807758303561,0.8652543368445783,0.20833333333333334,0.6,0.4,1.0,1.0,1,1,1,0,1,0,0,0,0,1,0.0,0.0,0.0,-0.0795628354514863,-0.08957423732584327,0.056759086737673534,0.028949637086682127,,-0.0795628354514863,-0.1204427264384438,-0.12400233599377063,-0.12400233599377063,,0.0,0.0,1.0,1.0,0.0,A,A_loose_background
603221.SH,2021-05-31 07:00:00,10.85,10.96,10.64,10.8,1.0,0.014121922668434556,0.672123855741024,0.0,,0.6568163374946763,0.33557046979865807,,0.6,0.6,1.0,1.0,1,0,0,1,1,0,0,0,0,1,0.0,0.0,0.0,-0.014814814814814828,-0.03518518518518526,-0.025000000000000123,-0.10648148148148151,-0.1250000000000001,-0.02222222222222224,-0.037962962962962976,-0.043518518518518574,-0.10740740740740741,-0.1453703703703704,0.0,0.0,0.0,0.0,0.0,B,B_relaxed_main
300830.SZ,2021-06-04 07:00:00,8.63,8.78,8.6,8.69,1.0,0.2039235214787981,0.0,0.0,,0.5920746766020879,0.25290697674418583,,0.6,0.6,3.0,3.0,1,0,0,0,1,0,0,0,0,1,1.0,1.0,0.0,0.10586881472957423,0.19792865362485623,0.25431530494821647,0.08055235903337182,0.13924050632911403,-0.003452243958572999,-0.003452243958572999,-0.003452243958572999,-0.008055235903337203,-0.008055235903337203,1.0,1.0,1.0,1.0,1.0,B,B_relaxed_main
603218.SH,2021-06-08 07:00:00,25.4,25.84,24.73,25.1,1.0,0.0702205241975157,0.0,0.0,,0.4432290235585864,0.20852359208523608,,0.6,0.6,3.0,3.0,1,0,0,0,1,0,0,0,0,1,0.0,0.0,1.0,0.057768924302788814,0.11513944223107557,-0.015139442231075799,0.439043824701195,0.15139442231075684,-0.0099601593625498,-0.0099601593625498,-0.033864541832669376,-0.033864541832669376,-0.033864541832669376,1.0,1.0,0.0,1.0,1.0,B,B_relaxed_main
688027.SH,2021-06-10 07:00:00,195.52,198.66,194.25,197.6,1.0,0.3209449682633175,0.09323270325000424,0.0,,0.6538448856523705,0.7145862552594668,,0.6,0.6,3.0,3.0,1,0,0,1,1,0,0,0,0,1,0.0,0.0,0.0,0.06072874493927126,0.12753036437246973,0.026821862348178196,0.011133603238866483,-0.08390688259109304,-0.04817813765182177,-0.04817813765182177,-0.04817813765182177,-0.06882591093117406,-0.11882591093117405,1.0,1.0,1.0,1.0,0.0,B,B_relaxed_main
600008.SH,2021-06-11 07:00:00,3.04,3.07,3.03,3.03,1.0,0.17061568984569636,0.0,0.0,,0.47224769474273587,0.42307692307692224,,0.8,0.6,4.0,3.0,1,0,0,0,1,0,0,0,0,1,0.0,0.0,0.0,0.013201320132013214,0.006600660066006607,0.052805280528052854,0.08250825082508251,0.25742574257425754,-0.023102310231023052,-0.023102310231023052,-0.023102310231023052,-0.023102310231023052,-0.023102310231023052,1.0,1.0,1.0,1.0,1.0,B,B_relaxed_main
601020.SH,2021-06-16 07:00:00,7.3,7.31,7.13,7.2,1.0,0.14394748581918607,0.0017361347561389356,0.0,,0.572206013558543,0.422680412371134,,0.6,0.6,2.0,2.0,1,0,0,1,1,0,0,0,0,1,1.0,0.0,1.0,0.01388888888888884,-0.03333333333333336,0.1347222222222222,0.2722222222222222,1.0555555555555556,-0.004166666666666701,-0.04861111111111118,-0.052777777777777764,-0.052777777777777764,-0.052777777777777764,1.0,0.0,1.0,1.0,1.0,B,B_relaxed_main
603936.SH,2021-06-18 07:00:00,11.32,11.37,11.17,11.3,1.0,0.8847672012490942,0.0,0.0,,0.7933571069410174,0.6612903225806452,,0.6,0.6,0.0,0.0,1,0,0,0,1,1,0,0,0,1,0.0,0.0,0.0,0.027433628318583956,0.007964601769911492,0.05486725663716807,0.1911504424778761,0.33097345132743344,-0.007079646017699121,-0.007079646017699121,-0.007079646017699121,-0.026548672566371743,-0.026548672566371743,1.0,1.0,1.0,1.0,1.0,B,B_relaxed_main
688571.SH,2021-06-21 07:00:00,8.84,9.02,8.78,8.97,1.0,0.6614364325358457,0.0,1.0,0.30049588718169945,0.7748335111908122,0.4010989010989013,,0.8,0.8,0.0,0.0,1,0,0,0,1,1,1,1,1,1,0.0,0.0,0.0,-0.0022296544035675975,-0.01783723522853959,-0.014492753623188493,-0.0011148272017836997,0.04013377926421398,-0.022296544035674586,-0.04682274247491638,-0.04682274247491638,-0.08695652173913056,-0.08695652173913056,0.0,0.0,0.0,0.0,1.0,B,B_relaxed_main
600623.SH,2021-06-24 07:00:00,8.84,9.12,8.72,8.81,1.0,0.2414309559127672,0.0,0.0,,0.5849820520760001,0.5271739130434786,,0.6,0.6,3.0,3.0,1,0,0,0,1,0,0,0,0,1,0.0,0.0,1.0,-0.04653802497162317,-0.0851305334846765,0.094211123723042,0.3677639046538025,0.7037457434733256,-0.04653802497162317,-0.08967082860385935,-0.08967082860385935,-0.08967082860385935,-0.08967082860385935,0.0,0.0,1.0,1.0,1.0,B,B_relaxed_main
300915.SZ,2021-06-29 07:00:00,59.05,59.3,55.97,56.98,1.0,0.08442788357024147,0.0,0.0,,0.424635792770221,0.3255333792154162,,0.6,0.6,3.0,3.0,1,0,0,0,1,0,0,0,0,1,0.0,0.0,0.0,-0.03597753597753593,0.0702000702000702,-0.05668655668655664,-0.10652860652860655,-0.14531414531414522,-0.07564057564057557,-0.07669357669357665,-0.07669357669357665,-0.12109512109512108,-0.15005265005265,0.0,1.0,0.0,0.0,0.0,B,B_relaxed_main
603986.SH,2021-07-08 07:00:00,183.0,195.64,182.55,191.19,1.0,0.890733836577418,0.1915100701207099,0.0,,0.8301713758485588,0.8738666360610581,0.3333333333333333,0.6,0.6,0.0,0.0,1,0,0,1,1,1,0,0,0,1,0.0,0.0,0.0,-0.0907997280192478,-0.007845598619174643,0.03854804121554477,-0.23379883885140432,-0.2293006956430776,-0.12652335373188972,-0.14221455097023902,-0.14221455097023902,-0.23735551022543017,-0.25283749150060153,0.0,0.0,1.0,0.0,0.0,B,B_relaxed_main
002564.SZ,2021-07-14 07:00:00,4.25,4.25,4.09,4.11,1.0,0.4645297949193477,0.046732355383423844,0.0,,0.745575487237319,0.7988826815642461,0.2988505747126437,0.8,0.6,1.0,0.0,1,0,0,1,1,0,0,0,0,1,1.0,1.0,1.0,0.3333333333333333,0.11922141119221394,0.22141119221411174,0.21167883211678834,-0.05352798053527985,-0.02433090024330913,-0.02433090024330913,-0.02433090024330913,-0.02433090024330913,-0.06082725060827261,1.0,1.0,1.0,1.0,0.0,B,B_relaxed_main
603085.SH,2021-08-19 07:00:00,6.64,6.68,6.53,6.54,1.0,0.16717780583114414,0.1449325336066564,0.0,,0.5432045407080787,0.25654450261780115,0.3492063492063492,0.6,0.6,3.0,3.0,1,0,0,1,1,0,0,0,0,1,0.0,0.0,0.0,0.058103975535168176,0.019877675840978576,0.0382262996941896,-0.03058103975535171,0.21253822629969413,-0.03363914373088681,-0.03363914373088681,-0.03363914373088681,-0.04740061162079505,-0.07492354740061165,1.0,1.0,1.0,0.0,1.0,B,B_relaxed_main
002724.SZ,2021-08-30 07:00:00,19.13,20.13,18.6,19.72,1.0,0.1852310506802076,0.3259242097733225,0.0,,0.7347560595779201,0.8183266932270915,0.6285714285714286,0.6,0.6,3.0,3.0,1,0,0,1,1,0,0,0,0,1,0.0,0.0,0.0,-0.09787018255578092,-0.13133874239350912,-0.20131845841784984,-0.22920892494929004,-0.03296146044624739,-0.19371196754563888,-0.19371196754563888,-0.22160243407707908,-0.2469574036511156,-0.2469574036511156,0.0,0.0,0.0,0.0,0.0,B,B_relaxed_main
688239.SH,2021-09-06 07:00:00,61.31,63.1,60.23,62.14,1.0,0.23216460716618215,0.0,0.0,,0.5525690701292175,0.7255330781848003,,0.8,0.8,4.0,4.0,1,0,0,0,1,0,0,0,0,1,0.0,0.0,0.0,-0.1332475056324429,-0.16060508529127782,-0.22111361441905378,0.0009655616350177386,0.02832314129385256,-0.14499517219182487,-0.22304473768908914,-0.24364338590280013,-0.24364338590280013,-0.24364338590280013,0.0,0.0,0.0,1.0,1.0,B,B_relaxed_main
601228.SH,2021-09-24 07:00:00,3.54,3.55,3.45,3.45,1.0,0.3841249986989554,0.4779165495384014,0.0,,0.836322696662213,0.8148148148148154,0.9655172413793104,0.6,0.6,1.0,1.0,1,0,0,1,1,0,0,0,0,1,0.0,0.0,0.0,0.005797101449275368,-0.05507246376811605,-0.0869565217391305,-0.0869565217391305,-0.05217391304347831,-0.04057971014492757,-0.06086956521739129,-0.10724637681159423,-0.10724637681159423,-0.10724637681159423,1.0,0.0,0.0,0.0,0.0,B,B_relaxed_main
300894.SZ,2021-10-22 07:00:00,48.39,52.0,48.0,51.0,1.0,0.9999999999999992,0.025618396666839034,0.0,,0.8612892695648685,0.21161825726141076,0.28431372549019607,0.8,0.8,0.0,0.0,1,0,0,1,1,1,0,0,0,1,0.0,0.0,0.0,-0.04411764705882353,-0.04941176470588241,0.03529411764705877,-0.04509803921568622,-0.11666666666666672,-0.10764705882352946,-0.10764705882352946,-0.10764705882352946,-0.10764705882352946,-0.1313725490196079,0.0,0.0,1.0,0.0,0.0,B,B_relaxed_main
300676.SZ,2021-11-26 07:00:00,90.44,91.53,89.0,89.4,1.0,0.20103055122712793,0.0,0.0,,0.3088046622408936,0.15043930428545815,0.008333333333333333,0.8,0.6,1.0,1.0,1,1,1,0,1,0,0,0,0,1,0.0,0.0,0.0,0.025615212527964115,0.03143176733780747,-0.0049217002237137795,-0.012527964205816604,-0.04418344519015663,0.014429530201342192,-0.0017897091722596284,-0.02684563758389268,-0.02684563758389268,-0.08747203579418353,1.0,1.0,0.0,0.0,0.0,B,B_relaxed_main
600561.SH,2021-12-08 07:00:00,4.66,4.66,4.58,4.63,1.0,0.2743333311336599,0.0,0.0,,0.531727927194944,0.33082706766917275,0.35833333333333334,0.6,0.6,3.0,3.0,1,0,0,0,1,0,0,0,0,1,1.0,0.0,0.0,0.04751619870410362,0.1079913606911447,0.13390928725701948,0.14254859611231105,0.2764578833693305,-0.004319654427645697,-0.004319654427645697,-0.004319654427645697,-0.004319654427645697,-0.004319654427645697,1.0,1.0,1.0,1.0,1.0,B,B_relaxed_main
300426.SZ,2021-12-27 07:00:00,8.2,8.39,7.92,8.2,1.0,0.3756849268886299,0.14114042843906058,0.0,,0.6548767831373907,0.7853403141361256,0.95,0.6,0.6,3.0,3.0,1,0,0,1,1,0,0,0,0,1,0.0,0.0,0.0,0.11829268292682936,0.009756097560975618,0.08536585365853672,0.020731707317073165,-0.035365853658536485,-0.015853658536585245,-0.015853658536585245,-0.015853658536585245,-0.03658536585365841,-0.16341463414634136,1.0,1.0,1.0,1.0,0.0,B,B_relaxed_main
600860.SH,2022-01-10 07:00:00,25.3,26.66,22.24,22.99,1.0,0.3702179268707932,-0.20775715141579673,0.0,,0.6277071821560111,0.7467306015693111,0.7416666666666667,0.6,0.6,1.0,1.0,1,0,0,0,1,0,0,0,0,1,0.0,0.0,0.0,-0.13571117877337963,-0.2805567638103523,-0.3779904306220095,-0.29969551979121345,-0.19921705089169198,-0.15876468029578072,-0.2923010004349717,-0.40626359286646363,-0.40626359286646363,-0.40626359286646363,0.0,0.0,0.0,0.0,0.0,B,B_relaxed_main
000926.SZ,2022-01-18 07:00:00,4.43,4.48,4.4,4.41,1.0,0.09257355476752521,0.19589685903253468,0.0,,0.5835232812202872,0.7435897435897434,0.5083333333333333,0.6,0.6,3.0,3.0,1,0,0,1,1,0,0,0,0,1,0.0,0.0,0.0,-0.05442176870748304,0.004535147392290152,0.022675736961451167,0.06575963718820863,0.029478458049886597,-0.056689342403628114,-0.058956916099773195,-0.058956916099773195,-0.1360544217687075,-0.1360544217687075,0.0,1.0,1.0,1.0,1.0,B,B_relaxed_main
300859.SZ,2022-02-21 07:00:00,22.9,23.37,22.65,22.89,1.0,0.2284438486777493,0.0,0.0,,0.4820007907183944,0.6164623467600702,0.4666666666666667,0.8,0.8,3.0,3.0,1,0,0,0,1,0,0,0,0,1,0.0,0.0,0.0,-0.024901703800786382,-0.00961118392311048,0.04325032765399731,0.059851463521188336,0.04106596767147216,-0.06116207951070345,-0.06116207951070345,-0.10222804718217561,-0.10222804718217561,-0.22455220620358238,0.0,0.0,1.0,1.0,1.0,B,B_relaxed_main
600676.SH,2022-03-04 07:00:00,4.61,4.61,4.44,4.49,1.0,0.36336160365982106,0.14976749589267582,0.0,,0.755009469100526,0.6704545454545455,0.39166666666666666,0.8,0.8,1.0,1.0,1,0,0,1,1,0,0,0,0,1,0.0,0.0,0.0,0.10244988864142537,0.08463251670378616,0.04677060133630288,-0.16258351893095777,-0.017817371937639215,-0.04677060133630288,-0.04677060133630288,-0.04677060133630288,-0.1848552338530067,-0.1848552338530067,1.0,1.0,1.0,0.0,0.0,B,B_relaxed_main
603619.SH,2022-03-04 07:00:00,17.6,17.73,16.77,16.83,1.0,0.08970234755305333,0.5904142844707004,0.0,,0.6973216551773563,0.7577464788732391,0.23333333333333334,0.6,0.6,1.0,1.0,1,1,1,1,1,0,0,0,0,1,0.0,0.0,0.0,-0.08556149732620308,-0.13071895424836588,-0.1396316102198454,-0.06595365418894818,0.18835412953060024,-0.10219845513963155,-0.23291740938799754,-0.23291740938799754,-0.23291740938799754,-0.23291740938799754,0.0,0.0,0.0,0.0,1.0,B,B_relaxed_main
000895.SZ,2022-03-30 07:00:00,28.35,29.08,28.26,28.93,1.0,0.9999999999999994,0.37731693897880425,0.0,,0.8242600398335975,0.5221153846153846,0.8416666666666667,0.6,0.6,0.0,0.0,1,0,0,1,1,1,0,0,0,1,0.0,0.0,0.0,-0.03214656066367092,0.07051503629450395,0.028344279294849648,-0.054268924991358464,0.012789491876944383,-0.044244728655375085,-0.044244728655375085,-0.044244728655375085,-0.0639474593847218,-0.0978223297614932,0.0,1.0,1.0,0.0,1.0,B,B_relaxed_main
600971.SH,2022-04-20 07:00:00,8.38,8.54,8.06,8.13,1.0,0.040495358146508925,0.867133534996945,0.0,,0.6510203553087137,0.6949152542372885,0.55,0.6,0.6,1.0,1.0,1,0,0,1,1,0,0,0,0,1,0.0,0.0,0.0,-0.10455104551045516,-0.1131611316113162,-0.025830258302583127,-0.1020910209102092,-0.0541205412054121,-0.1562115621156212,-0.1562115621156212,-0.17097170971709721,-0.17097170971709721,-0.17097170971709721,0.0,0.0,0.0,0.0,0.0,B,B_relaxed_main
601816.SH,2022-04-22 07:00:00,4.84,4.93,4.77,4.89,1.0,0.2609403096732436,0.0,0.0,,0.5233227627430086,0.38775510204081604,0.475,0.8,0.8,2.0,2.0,1,0,0,0,1,0,0,0,0,1,0.0,0.0,0.0,-0.06134969325153371,-0.08384458077709597,-0.06134969325153371,-0.020449897750511176,-0.03680981595092019,-0.09611451942740282,-0.11247443762781183,-0.11247443762781183,-0.11247443762781183,-0.11247443762781183,0.0,0.0,0.0,0.0,0.0,B,B_relaxed_main
001267.SZ,2022-05-19 07:00:00,5.38,5.55,5.37,5.54,1.0,0.39724585201472984,0.0,0.0,,0.6383187718420198,0.15584415584415584,0.3333333333333333,0.6,0.6,3.0,3.0,1,0,0,0,1,0,0,0,0,1,0.0,0.0,0.0,-0.061371841155234634,-0.06859205776173283,-0.07761732851985555,-0.11732851985559573,-0.09025270758122744,-0.08664259927797842,-0.09205776173285195,-0.10649819494584835,-0.11913357400722024,-0.15162454873646206,0.0,0.0,0.0,0.0,0.0,B,B_relaxed_main
603158.SH,2022-05-27 07:00:00,9.63,9.84,9.43,9.53,1.0,0.14705861087257857,0.5934033897773342,0.0,,0.7191363469387566,0.1959999999999999,0.675,0.8,0.6,4.0,2.0,1,0,0,1,1,0,0,0,0,1,0.0,0.0,0.0,0.14060860440713535,0.09968520461699906,-0.04512067156348371,-0.1332633788037775,-0.03672612801678905,-0.006295907660020853,-0.006295907660020853,-0.15215110178384045,-0.1878279118572927,-0.1878279118572927,1.0,1.0,0.0,0.0,0.0,B,B_relaxed_main
300927.SZ,2022-06-07 07:00:00,31.62,32.55,31.42,32.26,1.0,0.9999999999999991,0.04056771297776678,0.0,,0.8178518079885101,0.7595419847328242,0.31666666666666665,0.6,0.6,0.0,0.0,1,0,0,1,1,1,0,0,0,1,0.0,0.0,0.0,0.015809051456912745,-0.45195288282703033,-0.4048357098574085,-0.4609423434593924,-0.49380037197768134,-0.02944823310601362,-0.4829510229386237,-0.48698078115313076,-0.48698078115313076,-0.49845009299442034,1.0,0.0,0.0,0.0,0.0,B,B_relaxed_main
002366.SZ,2022-06-20 07:00:00,4.15,4.15,3.97,4.03,1.0,0.32234049336941745,0.0,0.0,,0.7513794298333949,0.2960199004975125,0.6166666666666667,0.6,0.6,1.0,1.0,1,0,0,0,1,0,0,0,0,1,1.0,1.0,1.0,-0.022332506203474017,-0.029776674937965285,0.1811414392059552,0.3722084367245657,0.37468982630272946,-0.047146401985111754,-0.07444168734491322,-0.07444168734491322,-0.07444168734491322,-0.07444168734491322,0.0,0.0,1.0,1.0,1.0,B,B_relaxed_main
002457.SZ,2022-07-04 07:00:00,9.93,9.93,9.75,9.79,1.0,0.21340111469307493,0.0,0.0,,0.11042057214994234,0.4880239520958081,0.016666666666666666,0.6,0.6,3.0,3.0,1,1,1,0,1,0,0,0,0,1,0.0,0.0,0.0,-0.046986721144024426,-0.0663942798774258,-0.09090909090909079,-0.08886618998978542,-0.17875383043922372,-0.06128702757916238,-0.09295199182839617,-0.10316649642492338,-0.16138917262512753,-0.19407558733401425,0.0,0.0,0.0,0.0,0.0,B,B_relaxed_main
603773.SH,2022-08-17 07:00:00,17.19,17.77,17.0,17.61,1.0,0.6059738743370299,0.0,0.0,,0.7826742899840323,0.8147368421052633,0.44166666666666665,0.6,0.6,0.0,0.0,1,0,0,0,1,1,0,0,0,1,0.0,0.0,0.0,-0.03918228279386699,-0.10902896081771721,-0.1448040885860306,-0.17092561044860874,-0.13798977853492334,-0.04145371947756959,-0.1135718341851221,-0.15105053946621239,-0.2634866553094832,-0.2634866553094832,0.0,0.0,0.0,0.0,0.0,B,B_relaxed_main
688072.SH,2022-08-23 07:00:00,262.56,266.49,255.0,256.61,1.0,0.1489333110516603,0.08851091605371292,0.0,,0.5517445585327815,0.8429714857428715,0.44776119402985076,0.6,0.6,3.0,3.0,1,0,0,1,1,0,0,0,0,1,1.0,1.0,0.0,0.08530454775729701,0.06858657106114323,0.17532442227504777,0.03343595339230733,-0.1046334905108921,-0.11862359222165943,-0.11862359222165943,-0.11862359222165943,-0.24671680760687423,-0.24671680760687423,1.0,1.0,1.0,1.0,0.0,B,B_relaxed_main
603683.SH,2022-09-20 07:00:00,9.02,9.15,8.96,9.02,1.0,0.20307482137923447,0.0,0.0,,0.5614387343210402,0.6139817629179332,0.30833333333333335,0.6,0.6,3.0,3.0,1,0,0,0,1,0,0,0,0,1,0.0,0.0,0.0,0.017738359201773853,0.008869179600886927,-0.007760532150776085,0.03104212860310434,-0.06319290465631933,-0.022172949002217217,-0.022172949002217217,-0.07982261640798213,-0.07982261640798213,-0.08093126385809318,1.0,1.0,0.0,1.0,0.0,B,B_relaxed_main
301206.SZ,2022-11-01 07:00:00,34.32,35.86,34.32,35.75,1.0,1.000000000000001,0.03677604410990038,1.0,0.13177887140488656,0.8926335746231994,0.030172413793103443,0.11666666666666667,0.6,0.6,0.0,0.0,1,1,1,1,1,1,1,0,1,1,0.0,0.0,0.0,0.03356643356643364,0.034685314685314744,0.05650349650349659,0.04811188811188808,0.029650349650349715,-0.013706293706293763,-0.013706293706293763,-0.013706293706293763,-0.013706293706293763,-0.013706293706293763,1.0,1.0,1.0,1.0,1.0,B,B_relaxed_main
300507.SZ,2022-11-24 07:00:00,6.2,6.29,6.18,6.21,1.0,0.06467885808977075,0.0,0.0,,0.2900327777817768,0.10771992818671448,0.058333333333333334,0.6,0.6,3.0,3.0,1,1,1,0,1,0,0,0,0,1,0.0,0.0,0.0,-0.014492753623188383,-0.02254428341384858,-0.09017713365539447,0.0628019323671497,0.10305958132045083,-0.04347826086956515,-0.04347826086956515,-0.09500805152979064,-0.11111111111111117,-0.11111111111111117,0.0,0.0,0.0,1.0,1.0,B,B_relaxed_main
001299.SZ,2022-12-09 07:00:00,24.76,25.64,24.4,24.63,1.0,0.11278989761750496,0.041226348831981084,0.0,,0.556572065875136,0.7040572792362769,,0.6,0.6,3.0,3.0,1,0,0,1,1,0,0,0,0,1,0.0,0.0,0.0,-0.08810393828664223,-0.16362159967519277,-0.12870483150629305,-0.1599675192854242,-0.2614697523345513,-0.09460008120178637,-0.18798213560698332,-0.20381648396264718,-0.20381648396264718,-0.26877791311408844,0.0,0.0,0.0,0.0,0.0,B,B_relaxed_main
301285.SZ,2023-05-23 07:00:00,12.61,13.05,12.56,12.82,1.0,1.0000000000000004,0.0016260290528173076,1.0,0.01544652432933181,0.7730673794968217,0.2406716417910449,0.65,0.6,0.6,0.0,0.0,1,0,0,1,1,1,1,0,1,1,1.0,0.0,0.0,0.11154446177847112,0.06864274570982831,0.10842433697347899,0.1833073322932917,0.05850234009360374,-0.01248049921996881,-0.01248049921996881,-0.01248049921996881,-0.01248049921996881,-0.01248049921996881,1.0,1.0,1.0,1.0,1.0,B,B_relaxed_main
002157.SZ,2023-05-29 07:00:00,2.41,2.48,2.28,2.34,1.0,0.0029641288321951968,0.5856412104006169,0.0,,0.5338134653094391,0.08291032148900165,0.875,0.6,0.6,2.0,2.0,1,0,0,1,1,0,0,0,0,1,1.0,0.0,0.0,0.004273504273504373,0.11965811965811977,0.1324786324786325,0.12820512820512833,0.23504273504273518,-0.05128205128205114,-0.05128205128205114,-0.05128205128205114,-0.05128205128205114,-0.05128205128205114,1.0,1.0,1.0,1.0,1.0,B,B_relaxed_main
603235.SH,2023-07-13 07:00:00,30.81,31.12,30.52,30.59,1.0,0.13790135190405595,0.0,0.0,,0.5827577842902013,0.4941690962099124,0.9,0.8,0.6,4.0,2.0,1,0,0,0,1,0,0,0,0,1,0.0,0.0,0.0,-0.00032690421706445125,-0.005884275907159193,-0.020268061457992842,-0.050016345210853255,-0.08532200065380842,-0.009480222294867576,-0.017325923504413244,-0.06570774762994448,-0.10624387054593004,-0.10624387054593004,0.0,0.0,0.0,0.0,0.0,B,B_relaxed_main
300932.SZ,2023-11-24 07:00:00,15.99,16.05,15.72,15.88,1.0,0.13076612640732585,0.4383639178390635,0.0,,0.603257045940079,0.7894736842105271,0.16666666666666666,0.6,0.6,3.0,3.0,1,1,1,1,1,0,0,0,0,1,0.0,0.0,0.0,0.0,-0.03211586901763234,-0.02518891687657433,-0.13727959697733005,-0.2607052896725441,-0.009445843828715387,-0.034634760705289716,-0.049748110831234316,-0.14042821158690177,-0.5113350125944585,0.0,0.0,0.0,0.0,0.0,B,B_relaxed_main
001337.SZ,2024-03-18 07:00:00,26.53,27.08,26.28,26.8,1.0,0.2927367728975208,0.0,0.0,,0.7768831287831933,0.7551020408163266,0.9666666666666667,1.0,1.0,5.0,5.0,1,0,0,0,1,0,0,0,0,1,0.0,0.0,0.0,-0.027985074626865673,0.017164179104477643,0.03171641791044768,0.08992537313432836,-0.09738805970149252,-0.03283582089552235,-0.07873134328358207,-0.07873134328358207,-0.07873134328358207,-0.13059701492537312,0.0,1.0,1.0,1.0,0.0,B,B_relaxed_main
301365.SZ,2024-03-27 07:00:00,11.69,11.86,11.47,11.49,1.0,0.057123903910491144,0.19816263422519464,0.0,,0.4335889320482399,0.13242718446601942,0.6666666666666666,0.6,0.6,3.0,3.0,1,0,0,1,1,0,0,0,0,1,0.0,0.0,0.0,0.06266318537859013,0.02610966057441244,-0.05918189730200171,0.0026109660574411974,-0.05831157528285465,-0.0043516100957354835,-0.0043516100957354835,-0.19495213228894692,-0.19495213228894692,-0.19495213228894692,1.0,1.0,0.0,1.0,0.0,B,B_relaxed_main
003012.SZ,2024-04-11 07:00:00,7.33,7.48,7.29,7.38,1.0,0.10124587215330365,0.14299464311105203,0.0,,0.17614797053844566,0.1740412979351032,0.175,0.6,0.6,2.0,2.0,1,1,1,1,1,0,0,0,0,1,0.0,0.0,0.0,0.017615176151761502,-0.023035230352303513,-0.020325203252032447,-0.1260162601626016,-0.25338753387533874,-0.06368563685636854,-0.06368563685636854,-0.10569105691056914,-0.14092140921409216,-0.2560975609756097,1.0,0.0,0.0,0.0,0.0,B,B_relaxed_main
001326.SZ,2024-10-28 07:00:00,37.02,37.7,37.01,37.6,1.0,0.9999999999999988,0.1405839087254398,1.0,0.10450540964295472,0.8201659342826186,0.7885964912280704,0.8833333333333333,0.6,0.6,0.0,0.0,1,0,0,1,1,1,1,0,1,1,0.0,0.0,0.0,-0.07659574468085113,-0.015957446808510675,-0.03005319148936177,-0.06515957446808518,-0.15000000000000002,-0.1007978723404255,-0.1007978723404255,-0.1007978723404255,-0.1007978723404255,-0.21542553191489364,0.0,0.0,0.0,0.0,0.0,B,B_relaxed_main
688571.SH,2024-10-29 07:00:00,6.55,6.65,6.22,6.26,1.0,0.19733225844797556,0.2751314019993419,0.0,,0.684788396710386,0.6588235294117646,0.8583333333333333,0.6,0.6,1.0,1.0,1,0,0,1,1,0,0,0,0,1,0.0,0.0,0.0,0.03833865814696489,0.1134185303514377,0.0670926517571885,0.1741214057507987,0.1661341853035144,-0.02715654952076676,-0.02715654952076676,-0.02715654952076676,-0.02715654952076676,-0.041533546325878565,1.0,1.0,1.0,1.0,1.0,B,B_relaxed_main
301586.SZ,2024-11-13 07:00:00,65.38,66.66,62.66,66.66,1.0,0.2518011338929653,0.0,0.0,,0.7677467358796586,0.7153334861333944,0.3,0.8,0.8,2.0,2.0,1,0,0,0,1,0,0,0,0,1,0.0,0.0,0.0,-0.04410441044104407,-0.145064506450645,-0.1321632163216321,-0.22382238223822376,-0.20357035703570348,-0.11821182118211815,-0.19921992199219915,-0.19921992199219915,-0.27422742274227413,-0.28562856285628563,0.0,0.0,0.0,0.0,0.0,B,B_relaxed_main
600008.SH,2025-03-31 07:00:00,3.12,3.16,3.1,3.12,1.0,0.07858505384504672,0.3911815016329551,0.0,,0.6269363843567732,0.15277777777777818,0.20833333333333334,0.6,0.6,3.0,3.0,1,1,0,1,1,0,0,0,0,1,0.0,0.0,0.0,-0.02884615384615394,-0.012820512820512832,0.0032051282051281365,0.022435897435897384,-0.032051282051282076,-0.07051282051282057,-0.07051282051282057,-0.07051282051282057,-0.07051282051282057,-0.07051282051282057,0.0,0.0,1.0,1.0,0.0,B,B_relaxed_main
688582.SH,2025-05-29 07:00:00,63.6,67.5,63.56,67.15,1.0,0.9999999999999992,0.09351793227643145,0.0,,0.8530436200761484,0.7456696239966204,0.1,0.6,0.6,0.0,0.0,1,1,0,1,1,1,0,0,0,1,0.0,0.0,0.0,0.04988830975428137,-0.019806403574088048,-0.02620997766195093,-0.03261355174981403,0.20551005212211462,-0.014147431124348514,-0.03618763961280725,-0.08116157855547286,-0.08116157855547286,-0.08116157855547286,1.0,0.0,0.0,0.0,1.0,B,B_relaxed_main
600623.SH,2025-06-16 07:00:00,7.25,7.33,7.16,7.18,1.0,0.20621364940016068,0.0,0.0,,0.4104914953748502,0.6691176470588235,0.08333333333333333,0.8,0.6,3.0,3.0,1,1,0,0,1,0,0,0,0,1,1.0,0.0,0.0,0.03342618384401117,0.05431754874651819,0.11559888579387188,0.1559888579387188,0.2158774373259054,-0.00696378830083563,-0.00696378830083563,-0.00696378830083563,-0.00696378830083563,-0.00696378830083563,1.0,1.0,1.0,1.0,1.0,B,B_relaxed_main
603085.SH,2025-12-22 07:00:00,10.86,10.94,10.66,10.74,1.0,0.36627744336049534,0.0,0.0,,0.6337048121087083,0.4892473118279572,0.25833333333333336,0.8,0.6,1.0,1.0,1,0,1,0,1,0,0,0,0,1,1.0,0.0,0.0,0.06145251396648046,0.12011173184357533,0.14990689013035377,0.13407821229050274,-0.029795158286778426,-0.02607076350093104,-0.02607076350093104,-0.02607076350093104,-0.02607076350093104,-0.06703910614525145,1.0,1.0,1.0,1.0,0.0,B,B_relaxed_main
001267.SZ,2025-12-25 07:00:00,21.59,21.72,20.88,21.36,1.0,0.1882619795094314,0.0,0.0,,0.5968448257074644,0.8554289142171565,0.4666666666666667,0.8,0.8,3.0,3.0,1,0,0,0,1,0,0,0,0,1,1.0,1.0,1.0,0.06320224719101131,0.048689138576778986,0.19569288389513106,0.6362359550561799,0.7677902621722846,-0.02153558052434461,-0.043071161048689056,-0.043071161048689056,-0.043071161048689056,-0.043071161048689056,1.0,1.0,1.0,1.0,1.0,B,B_relaxed_main
300830.SZ,2021-06-09 07:00:00,8.72,9.04,8.72,8.98,1.0,0.8281186137541452,0.0,1.0,0.023754281591674274,0.8171735563919919,0.3372093023255815,,0.6,0.6,0.0,0.0,1,0,0,0,1,1,1,0,1,1,1.0,0.0,0.0,0.22160356347438753,0.1770601336302895,0.10022271714922053,0.05679287305122492,0.11024498886414255,-0.010022271714922032,-0.010022271714922032,-0.010022271714922032,-0.04008908685968833,-0.04008908685968833,1.0,1.0,1.0,1.0,1.0,C,C_first_release
603218.SH,2021-06-09 07:00:00,25.06,26.38,24.85,26.11,1.0,0.5302861866462637,0.0,1.0,0.011315167091572768,0.6182159138567451,0.2853881278538813,,0.6,0.6,0.0,0.0,1,0,0,0,1,1,1,0,1,1,0.0,0.0,1.0,0.031022596706242907,0.10800459594025279,0.022979701263883625,0.3933358866334739,0.21754117196476444,-0.01838376101110687,-0.01838376101110687,-0.07123707391803905,-0.07123707391803905,-0.07123707391803905,1.0,1.0,1.0,1.0,1.0,C,C_first_release
688571.SH,2021-06-21 07:00:00,8.84,9.02,8.78,8.97,1.0,0.6614364325358457,0.0,1.0,0.30049588718169945,0.7748335111908122,0.4010989010989013,,0.8,0.8,0.0,0.0,1,0,0,0,1,1,1,1,1,1,0.0,0.0,0.0,-0.0022296544035675975,-0.01783723522853959,-0.014492753623188493,-0.0011148272017836997,0.04013377926421398,-0.022296544035674586,-0.04682274247491638,-0.04682274247491638,-0.08695652173913056,-0.08695652173913056,0.0,0.0,0.0,0.0,1.0,C,C_first_release
600623.SH,2021-06-25 07:00:00,8.86,9.23,8.77,9.13,1.0,0.8522988153808022,0.0,1.0,0.356435127559723,0.7412953828785641,0.7010869565217397,,0.6,0.6,0.0,0.0,1,0,0,0,1,1,1,1,1,1,0.0,0.0,1.0,-0.09638554216867477,-0.033953997809419545,0.055859802847754624,0.34063526834611163,0.6046002190580503,-0.10186199342825865,-0.12157721796276025,-0.12157721796276025,-0.12157721796276025,-0.12157721796276025,0.0,0.0,1.0,1.0,1.0,C,C_first_release
603085.SH,2021-09-07 07:00:00,6.7,6.88,6.66,6.81,1.0,0.7177789199502832,0.0,1.0,0.08272901627490514,0.741700309478042,0.39790575916230353,0.039473684210526314,0.8,0.8,0.0,0.0,1,1,1,0,1,1,1,0,1,1,0.0,0.0,0.0,-0.011747430249632774,0.02496328928047002,-0.0337738619676945,0.1776798825256975,0.13803230543318656,-0.016152716593245145,-0.019089574155653436,-0.06020558002936847,-0.11160058737151246,-0.11160058737151246,0.0,1.0,0.0,1.0,1.0,C,C_first_release
300894.SZ,2021-10-25 07:00:00,50.29,52.84,49.49,51.46,1.0,0.9999999999999994,0.1224573644230145,1.0,0.10737159393465535,0.8677856376568905,0.2243430152143845,0.30097087378640774,0.6,0.6,0.0,0.0,1,0,0,1,1,1,1,0,1,1,0.0,0.0,0.0,-0.013797123979790145,-0.07967353284104162,0.0402254178002332,-0.04061406917994565,-0.12203653322969299,-0.11562378546443845,-0.11562378546443845,-0.11562378546443845,-0.11562378546443845,-0.13913719393703855,0.0,0.0,1.0,0.0,0.0,C,C_first_release
603986.SH,2021-11-15 07:00:00,163.01,168.98,163.0,166.78,1.0,0.6148542625065819,0.0,1.0,0.13679791035848388,0.6669913977185941,0.27587668185189107,0.2288135593220339,0.6,0.6,0.0,0.0,1,1,1,0,1,1,1,0,1,1,0.0,0.0,0.0,-0.00791461805971935,-0.09923252188511819,0.04568893152656196,-0.08748051325098935,-0.12873246192589038,-0.05846024703201823,-0.10528840388535797,-0.10528840388535797,-0.10528840388535797,-0.17765919174961023,0.0,0.0,1.0,0.0,0.0,C,C_first_release
600561.SH,2021-12-10 07:00:00,4.7,4.75,4.65,4.75,1.0,0.9096257503397572,0.0,1.0,0.04085804950314406,0.8924563979858323,0.42105263157894735,0.3333333333333333,0.6,0.6,0.0,0.0,1,0,0,0,1,1,1,0,1,1,1.0,0.0,0.0,0.07578947368421059,0.025263157894736866,0.10105263157894746,0.14947368421052631,0.21684210526315795,-0.021052631578947295,-0.021052631578947295,-0.021052631578947295,-0.021052631578947295,-0.021052631578947295,1.0,1.0,1.0,1.0,1.0,C,C_first_release
601228.SH,2022-02-18 07:00:00,3.35,3.42,3.33,3.42,1.0,0.9427253901654937,0.0,1.0,0.5354789538515738,0.8355769234395196,0.7884615384615387,0.5416666666666666,0.6,0.6,0.0,0.0,1,0,0,0,1,1,1,1,1,1,0.0,0.0,0.0,-0.005847953216374275,0.03216374269005844,-0.061403508771929814,0.0,-0.01169590643274855,-0.0467836257309942,-0.0467836257309942,-0.11111111111111108,-0.11111111111111108,-0.11988304093567256,0.0,1.0,0.0,0.0,0.0,C,C_first_release
600860.SH,2022-03-22 07:00:00,17.97,19.7,17.63,19.7,1.0,0.9999999999999997,0.008556267889715214,1.0,0.021190518400826426,0.8794484062768031,0.6033129904097646,0.425,0.6,0.6,0.0,0.0,1,0,0,1,1,1,1,0,1,1,0.0,0.0,0.0,-0.03248730964467008,0.09898477157360402,-0.13654822335025368,-0.06751269035532986,-0.1065989847715735,-0.04263959390862944,-0.04263959390862944,-0.15837563451776657,-0.2695431472081218,-0.2695431472081218,0.0,1.0,0.0,0.0,0.0,C,C_first_release
688239.SH,2022-05-06 07:00:00,49.5,53.5,49.2,53.15,1.0,1.0000000000000007,0.13835161908764693,1.0,0.17903088354343566,0.8910490191720384,0.3937125748502993,0.7416666666666667,0.6,0.6,0.0,0.0,1,0,0,1,1,1,1,0,1,1,1.0,0.0,0.0,0.0327375352775165,0.03800564440263411,0.11665098777046101,0.018062088428974617,0.25776105362182494,-0.019755409219190917,-0.019755409219190917,-0.019755409219190917,-0.058325493885230506,-0.058325493885230506,1.0,1.0,1.0,1.0,1.0,C,C_first_release
000926.SZ,2022-05-10 07:00:00,4.61,4.88,4.47,4.88,1.0,1.0000000000000009,0.45477484264152185,1.0,0.5063338134140387,0.7336559635702783,0.6585365853658535,0.9,0.6,0.6,0.0,0.0,1,0,0,1,1,1,1,1,1,1,0.0,0.0,0.0,0.3196721311475411,0.034836065573770475,-0.03688524590163929,-0.07991803278688518,-0.14344262295081972,0.10040983606557381,0.034836065573770475,-0.04508196721311471,-0.08401639344262299,-0.14754098360655732,1.0,1.0,0.0,0.0,0.0,C,C_first_release
601020.SH,2022-05-20 07:00:00,15.74,16.48,15.67,16.33,1.0,1.0,0.06386868598617314,1.0,0.07496329162592016,0.7397062574683616,0.4784110535405868,0.7833333333333333,0.6,0.6,0.0,0.0,1,0,0,1,1,1,1,0,1,1,0.0,0.0,0.0,-0.08634415186772802,-0.1420698101653398,-0.08573178199632571,-0.1671769748928352,-0.17330067360685847,-0.11573790569503974,-0.15676668707899566,-0.20575627679118175,-0.20575627679118175,-0.2400489895897121,0.0,0.0,0.0,0.0,0.0,C,C_first_release
301206.SZ,2022-11-01 07:00:00,34.32,35.86,34.32,35.75,1.0,1.000000000000001,0.03677604410990038,1.0,0.13177887140488656,0.8926335746231994,0.030172413793103443,0.11666666666666667,0.6,0.6,0.0,0.0,1,1,1,1,1,1,1,0,1,1,0.0,0.0,0.0,0.03356643356643364,0.034685314685314744,0.05650349650349659,0.04811188811188808,0.029650349650349715,-0.013706293706293763,-0.013706293706293763,-0.013706293706293763,-0.013706293706293763,-0.013706293706293763,1.0,1.0,1.0,1.0,1.0,C,C_first_release
603221.SH,2022-11-29 07:00:00,8.42,8.67,8.35,8.57,1.0,0.7552059908989355,0.0,1.0,0.4455784489588498,0.7584261772281377,0.6121495327102805,0.475,0.8,0.8,0.0,0.0,1,0,0,0,1,1,1,1,1,1,0.0,0.0,0.0,0.0326721120186697,0.016336056009334955,-0.05134189031505245,-0.016336056009334955,0.02333722287047833,-0.01750291715285885,-0.01750291715285885,-0.058343057176196034,-0.09801633605600932,-0.09801633605600932,1.0,1.0,0.0,0.0,1.0,C,C_first_release
001299.SZ,2022-12-12 07:00:00,24.85,25.04,24.0,25.03,1.0,0.24973933911598378,0.04275557311527694,1.0,0.03709429681302434,0.5761437950246092,0.7279236276849643,,0.8,0.8,4.0,4.0,1,0,0,1,1,0,1,0,0,1,0.0,0.0,0.0,-0.1246504194966041,-0.16739912105473437,-0.16140631242509,-0.18497802636835806,-0.29484618457850587,-0.12824610467439077,-0.20095884938074315,-0.2165401518178187,-0.2165401518178187,-0.303236116660008,0.0,0.0,0.0,0.0,0.0,C,C_first_release
600008.SH,2023-01-04 07:00:00,2.89,2.91,2.87,2.89,1.0,1.0000000000000009,0.11111364659608125,1.0,0.12514187700248797,0.7608567684814291,0.8611111111111116,0.5083333333333333,0.6,0.6,0.0,0.0,1,0,0,1,1,1,1,0,1,1,0.0,0.0,0.0,-0.01730103806228383,-0.0034602076124568273,0.010380622837370174,0.04152249134948085,0.03806228373702418,-0.01730103806228383,-0.02422145328719733,-0.02422145328719733,-0.02422145328719733,-0.02422145328719733,0.0,0.0,1.0,1.0,1.0,C,C_first_release
300507.SZ,2023-01-09 07:00:00,5.78,6.04,5.78,5.98,1.0,0.9999999999999998,0.025280066116330616,1.0,0.08996942098174363,0.890722822483988,0.08127208480565386,0.20833333333333334,0.8,0.8,0.0,0.0,1,1,1,1,1,1,1,0,1,1,1.0,1.0,0.0,0.10535117056856184,0.13545150501672235,0.1872909698996654,0.07023411371237456,0.04347826086956518,0.051839464882943075,0.051839464882943075,0.051839464882943075,0.051839464882943075,0.03177257525083604,1.0,1.0,1.0,1.0,1.0,C,C_first_release
300426.SZ,2023-01-20 07:00:00,6.91,7.03,6.82,7.01,1.0,0.7657223330016237,0.0,1.0,0.18873134705537925,0.7100107901516802,0.8686868686868687,0.016666666666666666,0.6,0.6,0.0,0.0,1,1,1,0,1,1,1,0,1,1,0.0,0.0,0.0,0.01569186875891588,0.02995720399429386,0.025677603423680542,0.138373751783167,0.6105563480741797,-0.025677603423680417,-0.025677603423680417,-0.025677603423680417,-0.025677603423680417,-0.025677603423680417,1.0,1.0,1.0,1.0,1.0,C,C_first_release
001267.SZ,2023-01-30 07:00:00,7.5,7.75,7.48,7.66,1.0,0.4348395433539601,0.0,1.0,0.19531939905371637,0.5184614574127153,0.7810026385224275,0.43333333333333335,0.8,0.6,4.0,0.0,1,0,0,0,1,0,1,0,0,1,0.0,0.0,0.0,-0.031331592689295064,0.005221932114882511,-0.06005221932114882,-0.12663185378590075,-0.2637075718015666,-0.037859007832898174,-0.08224543080939946,-0.08616187989556137,-0.13185378590078325,-0.27545691906005226,0.0,1.0,0.0,0.0,0.0,C,C_first_release
688072.SH,2023-03-03 07:00:00,269.0,280.26,261.25,269.3,1.0,0.6129405085339527,0.0,1.0,0.13727192463689716,0.7110729042783945,0.7883541039965622,0.1,0.8,0.8,0.0,0.0,1,1,1,0,1,1,1,0,1,1,0.0,0.0,1.0,0.12792424805050126,0.09041960638692895,0.04697363535090968,0.5150389899740067,0.531934645376903,-0.013256591162272532,-0.013256591162272532,-0.06420349053100638,-0.06420349053100638,-0.06420349053100638,1.0,1.0,1.0,1.0,1.0,C,C_first_release
301285.SZ,2023-05-23 07:00:00,12.61,13.05,12.56,12.82,1.0,1.0000000000000004,0.0016260290528173076,1.0,0.01544652432933181,0.7730673794968217,0.2406716417910449,0.65,0.6,0.6,0.0,0.0,1,0,0,1,1,1,1,0,1,1,1.0,0.0,0.0,0.11154446177847112,0.06864274570982831,0.10842433697347899,0.1833073322932917,0.05850234009360374,-0.01248049921996881,-0.01248049921996881,-0.01248049921996881,-0.01248049921996881,-0.01248049921996881,1.0,1.0,1.0,1.0,1.0,C,C_first_release
002157.SZ,2023-06-07 07:00:00,2.44,2.58,2.4,2.57,1.0,0.9999999999999994,0.14834290155785235,1.0,0.16543864169042966,0.8816950991002135,0.12182741116751264,0.8333333333333334,0.6,0.6,0.0,0.0,1,0,0,1,1,1,1,0,1,1,1.0,0.0,0.0,0.10894941634241255,0.054474708171206275,0.11284046692607005,0.015564202334630364,0.15564202334630364,-0.03112840466926056,-0.03112840466926056,-0.03112840466926056,-0.07392996108949415,-0.07392996108949415,1.0,1.0,1.0,1.0,1.0,C,C_first_release
300915.SZ,2024-02-21 07:00:00,25.2,29.2,25.2,27.37,1.0,1.0000000000000004,-0.14421262074527091,1.0,0.2844107146983375,0.5296035819863653,0.27809357236554433,0.9583333333333334,0.6,0.6,0.0,0.0,1,0,0,0,1,1,1,1,1,1,0.0,0.0,0.0,-0.046401169163317484,-0.04713189623675567,0.016075995615637474,-0.035440263061746524,0.1512605042016807,-0.04859335038363178,-0.07051516258677383,-0.07124588966021188,-0.10266715381804904,-0.10266715381804904,0.0,0.0,1.0,0.0,1.0,C,C_first_release
301365.SZ,2024-03-28 07:00:00,11.44,11.93,11.44,11.83,1.0,0.47821589032337203,0.0,1.0,0.06524409062189757,0.6119452211425626,0.14563106796116504,0.6083333333333333,0.8,0.6,4.0,0.0,1,0,0,0,1,0,1,0,0,1,0.0,0.0,0.0,0.010143702451394693,-0.11242603550295859,-0.025359256128486957,-0.046491969568892705,-0.0710059171597633,-0.0008453085376162119,-0.1276415891800507,-0.2180896027049873,-0.2180896027049873,-0.2180896027049873,1.0,0.0,0.0,0.0,0.0,C,C_first_release
300932.SZ,2024-04-01 07:00:00,11.83,12.22,11.83,12.19,1.0,0.9999999999999993,0.0662693865347411,1.0,0.03447116214732825,0.7957309107823399,0.5045558086560364,0.6333333333333333,0.6,0.6,0.0,0.0,1,0,0,1,1,1,1,0,1,1,0.0,0.0,0.0,-0.06562756357670213,-0.15176374077112384,-0.008203445447087747,0.03199343724364238,-0.06398687448728461,-0.07957342083675134,-0.22805578342904015,-0.22805578342904015,-0.22805578342904015,-0.3174733388022969,0.0,0.0,0.0,1.0,0.0,C,C_first_release
603158.SH,2024-04-25 07:00:00,7.64,7.91,7.6,7.87,1.0,1.0,0.25770916459598264,1.0,0.2041861920322902,0.6159501858075679,0.27673796791443855,0.325,0.6,0.6,0.0,0.0,1,0,0,1,1,1,1,0,1,1,0.0,0.0,0.0,0.05972045743329095,0.029224904701397655,-0.01651842439644217,-0.07878017789072428,-0.18678526048284622,-0.010165184243964431,-0.010165184243964431,-0.026683608640406604,-0.12325285895806858,-0.18932655654383737,1.0,1.0,0.0,0.0,0.0,C,C_first_release
002724.SZ,2024-04-29 07:00:00,5.5,5.72,5.5,5.69,1.0,1.0,0.137168711726096,1.0,0.057333660964729166,0.6113564214483455,0.2606837606837608,0.6916666666666667,0.6,0.6,0.0,0.0,1,0,0,1,1,1,1,0,1,1,0.0,0.0,0.0,-0.014059753954305811,-0.05975395430579977,-0.07557117750439378,-0.2179261862917399,-0.25834797891036915,-0.042179261862917435,-0.07557117750439378,-0.1036906854130054,-0.26537785588752205,-0.29173989455184535,0.0,0.0,0.0,0.0,0.0,C,C_first_release
300676.SZ,2024-08-15 07:00:00,36.38,36.87,36.07,36.6,1.0,0.32172091800800806,0.4476118565974239,1.0,0.031069542883811082,0.720558831487281,0.1469662921348316,0.35833333333333334,0.8,0.8,3.0,3.0,1,0,0,1,1,0,1,0,0,1,0.0,0.0,1.0,-0.05054644808743173,-0.01967213114754095,-0.04972677595628416,0.2844262295081966,0.2568306010928961,-0.05081967213114753,-0.06666666666666679,-0.06666666666666679,-0.07786885245901642,-0.07786885245901642,0.0,0.0,0.0,1.0,1.0,C,C_first_release
001326.SZ,2024-10-28 07:00:00,37.02,37.7,37.01,37.6,1.0,0.9999999999999988,0.1405839087254398,1.0,0.10450540964295472,0.8201659342826186,0.7885964912280704,0.8833333333333333,0.6,0.6,0.0,0.0,1,0,0,1,1,1,1,0,1,1,0.0,0.0,0.0,-0.07659574468085113,-0.015957446808510675,-0.03005319148936177,-0.06515957446808518,-0.15000000000000002,-0.1007978723404255,-0.1007978723404255,-0.1007978723404255,-0.1007978723404255,-0.21542553191489364,0.0,0.0,0.0,0.0,0.0,C,C_first_release
603235.SH,2025-02-11 07:00:00,26.49,26.8,26.12,26.77,1.0,0.7945969872969875,0.0,1.0,0.11390356469951078,0.7872047754061758,0.33874999999999994,0.48333333333333334,0.8,0.8,0.0,0.0,1,0,0,0,1,1,1,0,1,1,0.0,0.0,0.0,-0.026148673888681334,-0.03324617108703775,-0.030257751214045527,0.0029884198729922245,-0.0026148673888681468,-0.030257751214045527,-0.0336197235711617,-0.04333208815838626,-0.04333208815838626,-0.04333208815838626,0.0,0.0,0.0,1.0,0.0,C,C_first_release
603619.SH,2025-05-28 07:00:00,17.15,17.23,17.0,17.17,1.0,0.1512426407885227,0.0,1.0,0.10134243712753681,0.6211408213133359,0.2887537993920974,0.8083333333333333,0.8,0.8,4.0,4.0,1,0,0,0,1,0,1,0,0,1,1.0,1.0,0.0,0.008153756552125626,0.08677926616191022,0.1508444962143273,0.1502620850320325,0.19103086779266146,-0.020966802562609375,-0.020966802562609375,-0.020966802562609375,-0.020966802562609375,-0.020966802562609375,1.0,1.0,1.0,1.0,1.0,C,C_first_release
688582.SH,2025-11-27 07:00:00,57.0,61.86,56.9,60.81,1.0,1.0000000000000004,-0.4775652871799053,1.0,0.18909107932378616,0.6376668398740152,0.1982905982905983,0.55,0.6,0.6,0.0,0.0,1,0,0,0,1,1,1,0,1,1,0.0,0.0,0.0,-0.025324782108205872,-0.03469824042098338,0.09061009702351572,0.13632626212793936,-0.01841802335142254,-0.03519158033218221,-0.051307350764676934,-0.051307350764676934,-0.051307350764676934,-0.051307350764676934,0.0,0.0,1.0,1.0,0.0,C,C_first_release
300859.SZ,2026-01-23 07:00:00,38.2,39.2,38.14,39.12,1.0,0.6845660947006362,0.0,1.0,0.28958745853048773,0.8534019990138233,0.1964213094753964,0.14166666666666666,0.6,0.6,0.0,0.0,1,1,0,0,1,1,1,1,1,1,0.0,0.0,0.0,-0.016871165644171692,-0.0265848670756646,-0.057004089979550025,-0.15516359918200412,,-0.05598159509202449,-0.05598159509202449,-0.08077709611451935,-0.2021983640081799,,0.0,0.0,0.0,0.0,0.0,C,C_first_release
603221.SH,2021-05-28 07:00:00,10.68,11.76,10.6,11.2,1.0,1.0000000000000002,0.7234012148613547,1.0,0.8817486346738369,0.8855421761133123,0.6040268456375836,,0.6,0.6,0.0,0.0,0,0,0,1,1,1,1,1,1,1,0.0,0.0,0.0,-0.05357142857142854,-0.046428571428571395,-0.046428571428571395,-0.13482142857142856,-0.15535714285714272,-0.05535714285714279,-0.05714285714285704,-0.07767857142857136,-0.13571428571428568,-0.17589285714285705,0.0,0.0,0.0,0.0,0.0,D,D_breakout_strength_release
300915.SZ,2021-06-09 07:00:00,56.08,64.68,55.8,63.4,1.0,1.0000000000000002,0.29007910663670883,1.0,0.3875207709130649,0.4294089206894903,0.5464556090846524,,0.8,0.8,0.0,0.0,0,0,0,1,1,1,1,1,1,1,0.0,0.0,0.0,-0.09384858044164031,-0.05362776025236591,-0.16514195583596214,-0.18817034700315458,-0.20993690851735008,-0.13249211356466875,-0.13249211356466875,-0.1701892744479495,-0.20031545741324916,-0.22397476340694,0.0,0.0,0.0,0.0,0.0,D,D_breakout_strength_release
600623.SH,2021-06-25 07:00:00,8.86,9.23,8.77,9.13,1.0,0.8522988153808022,0.0,1.0,0.356435127559723,0.7412953828785641,0.7010869565217397,,0.6,0.6,0.0,0.0,1,0,0,0,1,1,1,1,1,1,0.0,0.0,1.0,-0.09638554216867477,-0.033953997809419545,0.055859802847754624,0.34063526834611163,0.6046002190580503,-0.10186199342825865,-0.12157721796276025,-0.12157721796276025,-0.12157721796276025,-0.12157721796276025,0.0,0.0,1.0,1.0,1.0,D,D_breakout_strength_release
601228.SH,2022-02-18 07:00:00,3.35,3.42,3.33,3.42,1.0,0.9427253901654937,0.0,1.0,0.5354789538515738,0.8355769234395196,0.7884615384615387,0.5416666666666666,0.6,0.6,0.0,0.0,1,0,0,0,1,1,1,1,1,1,0.0,0.0,0.0,-0.005847953216374275,0.03216374269005844,-0.061403508771929814,0.0,-0.01169590643274855,-0.0467836257309942,-0.0467836257309942,-0.11111111111111108,-0.11111111111111108,-0.11988304093567256,0.0,1.0,0.0,0.0,0.0,D,D_breakout_strength_release
603619.SH,2022-02-22 07:00:00,16.4,16.81,15.85,16.51,1.0,0.8968348562877215,0.0,1.0,0.5286863488310148,0.8617816392257276,0.7748851454823892,0.5333333333333333,0.8,0.8,0.0,0.0,0,0,0,0,1,1,1,1,1,1,0.0,0.0,0.0,-0.015748031496063086,0.03270745003028462,-0.04724409448818904,-0.1108419139915204,-0.03997577225923694,-0.04906117504542715,-0.04906117504542715,-0.21804966686856458,-0.21804966686856458,-0.21804966686856458,0.0,1.0,0.0,0.0,0.0,D,D_breakout_strength_release
000926.SZ,2022-05-10 07:00:00,4.61,4.88,4.47,4.88,1.0,1.0000000000000009,0.45477484264152185,1.0,0.5063338134140387,0.7336559635702783,0.6585365853658535,0.9,0.6,0.6,0.0,0.0,1,0,0,1,1,1,1,1,1,1,0.0,0.0,0.0,0.3196721311475411,0.034836065573770475,-0.03688524590163929,-0.07991803278688518,-0.14344262295081972,0.10040983606557381,0.034836065573770475,-0.04508196721311471,-0.08401639344262299,-0.14754098360655732,1.0,1.0,0.0,0.0,0.0,D,D_breakout_strength_release
300830.SZ,2023-01-03 07:00:00,7.86,8.13,7.76,8.13,1.0,0.9999999999999996,0.40444218141515587,1.0,0.4368234831995311,0.8666737292393452,0.6363636363636367,0.31666666666666665,0.8,0.8,0.0,0.0,1,0,0,1,1,1,1,1,1,1,1.0,1.0,0.0,0.014760147601475917,0.01845018450184484,0.19680196801968014,0.18696186961869612,0.29889298892988925,-0.0036900369003691432,-0.0036900369003691432,-0.0036900369003691432,-0.0036900369003691432,-0.0036900369003691432,1.0,1.0,1.0,1.0,1.0,D,D_breakout_strength_release
688072.SH,2023-04-03 07:00:00,286.2,309.8,283.82,308.78,1.0,1.0,-0.09446207734208363,1.0,0.3601028527038043,0.8465840923890126,0.8751550868486351,0.4083333333333333,0.6,0.6,0.0,0.0,1,0,0,0,1,1,1,1,1,1,1.0,1.0,1.0,0.10305071571993021,0.4055314463371981,0.2695122741110177,0.35436232916639687,0.32453526782822734,-0.041388690977394824,-0.041388690977394824,-0.041388690977394824,-0.041388690977394824,-0.041388690977394824,1.0,1.0,1.0,1.0,1.0,D,D_breakout_strength_release
603986.SH,2023-11-15 07:00:00,105.26,107.9,104.01,106.99,1.0,0.6617188104235092,0.0,1.0,0.3531099850691893,0.7127177388362539,0.852106227106227,0.8416666666666667,0.8,0.8,0.0,0.0,0,0,0,0,1,1,1,1,1,1,0.0,0.0,0.0,-0.1056173474156463,-0.11543134872417979,-0.12795588372745115,-0.2722684363024581,-0.359472847929713,-0.10645854752780634,-0.1260865501448733,-0.16627722217029622,-0.29105523880736517,-0.4840639312085241,0.0,0.0,0.0,0.0,0.0,D,D_breakout_strength_release
301586.SZ,2024-09-30 07:00:00,43.0,49.33,42.26,49.33,1.0,1.0,1.2299203617066858,1.0,1.1991352203808847,0.794599949259216,0.42433506572913476,,0.6,0.6,0.0,0.0,0,0,0,1,1,1,1,1,1,1,1.0,0.0,0.0,0.11291303466450436,0.2102169065477398,0.11331846746401791,0.1820393269815529,0.2300831137239003,-0.02675856476788973,-0.02675856476788973,-0.02675856476788973,-0.02675856476788973,-0.02675856476788973,1.0,1.0,1.0,1.0,1.0,D,D_breakout_strength_release
